全国地方公共団体コード,ID,地方公共団体名,名称,名称_カナ,名称_英字,種別,所在地_全国地方公共団体コード,町字ID,所在地_連結表記,所在地_都道府県,所在地_市区町村,所在地_町字,所在地_番地以下,建物名等(方書),緯度,経度,高度の種別,高度の値,アクセス方法,駐車場情報,電話番号,内線番号,FAX番号,連絡先メールアドレス,連絡先FormURL,連絡先備考（その他、SNSなど）,郵便番号,法人番号,団体名,認可等年月日,収容定員,受入年齢,利用可能曜日,開始時間,終了時間,利用可能日時特記事項,一時預かりの有無,子供預かり料金種別,子供預かり料金,子供預かり料金備考,子供預かり開所時間,子供預かり閉所時間,病児保育の有無,授乳室,おむつ替えコーナー,飲食可否,ベビーカー貸出,ベビーカー利用,URL,画像,画像_ライセンス,備考
382019,A000000001,愛媛県松山市,三津浜幼稚園,ミツハマヨウチエン,,公立幼稚園,382019,,愛媛県松山市神田町1-41,愛媛県,松山市,神田町,1-41,,33.86113457,132.71882,,,,,(089)951-0831,,(089)952-9944,,,,,,,,,,,,,,,,,,,,,,,,,,,,,
382019,A000000002,愛媛県松山市,五明幼稚園,ゴミョウヨウチエン,,公立幼稚園,382019,,愛媛県松山市菅沢町乙45-4,愛媛県,松山市,菅沢町,乙45-4,,33.90358063,132.8183867,,,,,(089)977-1630,,(089)977-8644,,,,,,,,,,,,,,,,,,,,,,,,,,,,,
382019,A000000003,愛媛県松山市,石井幼稚園,イシイヨウチエン,,公立幼稚園,382019,,愛媛県松山市西石井6-4-29,愛媛県,松山市,西石井6,4-29,,33.81244748,132.7745133,,,,,(089)956-0089,,(089)958-9944,,,,,,,,,,,,,,,,,,,,,,,,,,,,,
382019,A000000004,愛媛県松山市,荏原幼稚園,エバラヨウチエン,,公立幼稚園,382019,,愛媛県松山市東方町甲1493-3,愛媛県,松山市,東方町,甲1493-3,,33.76900679,132.8167258,,,,,(089)963-1103,,(089)963-4644,,,,,,,,,,,,,,,,,,,,,,,,,,,,,
382019,A000000005,愛媛県松山市,坂本幼稚園,サカモトヨウチエン,,公立幼稚園,382019,,愛媛県松山市久谷町24,愛媛県,松山市,久谷町,24,,33.74933128,132.8249333,,,,,(089)963-1154,,(089)963-4144,,,,,,,,,,,,,,,,,,,,,,,,,,,,,
382019,A000000006,愛媛県松山市,愛媛大学教育学部附属幼稚園,エヒメダイガクキョウイクガクブフゾクヨウチエン,,公立幼稚園,382019,,愛媛県松山市持田町1-5-22,愛媛県,松山市,持田町1,5-22,,33.8440674,132.782917,,,,,(089)913-7857,,(089)913-7858,,,,,,,,,,,,,,,,,,,,,,,,,,,,,
382019,B000000001,愛媛県松山市,久枝幼稚園,ヒサエダヨウチエン,,私立幼稚園,382019,,愛媛県松山市安城寺町215,愛媛県,松山市,安城寺町,215,,33.8726167,132.7414691,,,,,(089)924-8870,,(089)924-4570,,,,,,,,,,,,,,,,,,,,,,,,,,,,,
382019,B000000002,愛媛県松山市,久米幼稚園,クメヨウチエン,,私立幼稚園,382019,,愛媛県松山市南久米町681-1,愛媛県,松山市,南久米町,681-1,,33.8109561,132.8042994,,,,,(089)975-2422,,(089)975-2422,,,,,,,,,,,,,,,,,,,,,,,,,,,,,
382019,B000000003,愛媛県松山市,日本基督教団松山番町教会附属親愛幼稚園,ニホンキリストキョウダンマツヤマバンチョウキョウカイフゾクシンアイヨウチエン,,私立幼稚園,382019,,愛媛県松山市二番町3-10-7,愛媛県,松山市,二番町3,10-7,,33.8405935,132.7683611,,,,,(089)921-6773,,(089)921-6773,,,,,,,,,,,,,,,,,,,,,,,,,,,,,
382019,B000000004,愛媛県松山市,松山のぞみ幼稚園,マツヤマノゾミヨウチエン,,私立幼稚園,382019,,愛媛県松山市来住町1038-1,愛媛県,松山市,来住町,1038-1,,33.8010449,132.797444,,,,,(089)970-4744,,(089)970-4771,,,,,,,,,,,,,,,,,,,,,,,,,,,,,
382019,B000000005,愛媛県松山市,堀江幼稚園,ホリエヨウチエン,,私立幼稚園,382019,,愛媛県松山市堀江町甲1533,愛媛県,松山市,堀江町,甲1533,,33.9036669,132.7492267,,,,,(089)978-0355,,(089)978-5525,,,,,,,,,,,,,,,,,,,,,,,,,,,,,
382019,B000000006,愛媛県松山市,梅花幼稚園,バイカヨウチエン,,私立幼稚園,382019,,愛媛県松山市南梅本町甲950,愛媛県,松山市,南梅本町,甲950,,33.8018324,132.8313964,,,,,(089)975-4190,,(089)976-8050,,,,,,,,,,,,,,,,,,,,,,,,,,,,,
382019,B000000007,愛媛県松山市,学校法人ロザリオ学園　道後聖母幼稚園,ガッコウホウジンロザリオガクエンドウゴセイボヨウチエン,,私立幼稚園,382019,,愛媛県松山市道後喜多町7-25,愛媛県,松山市,道後喜多町,7-25,,33.8520733,132.7804628,,,,,(089)924-2442,,(089)924-3377,,,,,,,,,,,,,,,,,,,,,,,,,,,,,
382019,B000000008,愛媛県松山市,学校法人ロザリオ学園　海の星幼稚園,ガッコウホウジンロザリオガクエンウミノホシヨウチエン,,私立幼稚園,382019,,愛媛県松山市会津町6-1,愛媛県,松山市,会津町,6-1,,33.8622203,132.7256183,,,,,(089)951-1717,,(089)952-5766,,,,,,,,,,,,,,,,,,,,,,,,,,,,,
382019,B000000009,愛媛県松山市,和気幼稚園,ワケヨウチエン,,私立幼稚園,382019,,愛媛県松山市和気町1-90,愛媛県,松山市,和気町1,90,,33.8902372,132.7376711,,,,,(089)978-1444,,(089)989-3383,,,,,,,,,,,,,,,,,,,,,,,,,,,,,
382019,B000000010,愛媛県松山市,みのり幼稚園,ミノリヨウチエン,,私立幼稚園,382019,,愛媛県松山市堀江町甲659,愛媛県,松山市,堀江町,甲659,,33.9000156,132.7375842,,,,,(089)979-5710,,(089)978-0880,,,,,,,,,,,,,,,,,,,,,,,,,,,,,
382019,B000000011,愛媛県松山市,ロザリオ幼稚園,ロザリオヨウチエン,,私立幼稚園,382019,,愛媛県松山市室町2-7-23,愛媛県,松山市,室町2,7-23,,33.830594,132.7643505,,,,,(089)941-3394,,(089)913-7610,,,,,,,,,,,,,,,,,,,,,,,,,,,,,
382019,B000000012,愛媛県松山市,聖カタリナ短期大学附属幼稚園,セイカタリナタンキダイガクフゾクヨウチエン,,私立幼稚園,382019,,愛媛県松山市北条690,愛媛県,松山市,北条,690,,33.9760195,132.7812107,,,,,(089)992-3229,,(089)992-3229,,,,,,,,,,,,,,,,,,,,,,,,,,,,,
382019,B000000013,愛媛県松山市,桃山幼稚園,モモヤマヨウチエン,,私立幼稚園,382019,,愛媛県松山市南吉田町2772-2,愛媛県,松山市,南吉田町,2772-2,,33.829571,132.7078361,,,,,(089)971-8491,,(089)968-9730,,,,,,,,,,,,,,,,,,,,,,,,,,,,,
382019,B000000014,愛媛県松山市,持田幼稚園,モチダヨウチエン,,私立幼稚園,382019,,愛媛県松山市持田町3-2-8,愛媛県,松山市,持田町3,2-8,,33.8441345,132.780508,,,,,(089)921-8520,,(089)933-4326,,,,,,,,,,,,,,,,,,,,,,,,,,,,,
382019,B000000015,愛媛県松山市,松山東雲学園附属幼稚園,マツヤマシノノメガクエンフゾクヨウチエン,,私立幼稚園,382019,,愛媛県松山市桑原3-2-1,愛媛県,松山市,桑原3,2-1,,33.8329488,132.7954837,,,,,(089)943-1000,,(089)943-1000,,,,,,,,,,,,,,,,,,,,,,,,,,,,,
382019,B000000016,愛媛県松山市,番町幼稚園,バンチョウヨウチエン,,私立幼稚園,382019,,愛媛県松山市南斎院町739-1,愛媛県,松山市,南斎院町,739-1,,33.8315297,132.7315058,,,,,(089)972-4686,,(089)972-4747,,,,,,,,,,,,,,,,,,,,,,,,,,,,,
382019,B000000017,愛媛県松山市,済美幼稚園,サイビヨウチエン,,私立幼稚園,382019,,愛媛県松山市余戸西6-12-45,愛媛県,松山市,余戸西6,12-45,,33.8193186,132.7254647,,,,,(089)971-6134,,(089)971-6399,,,,,,,,,,,,,,,,,,,,,,,,,,,,,
382019,B000000018,愛媛県松山市,慶応幼稚園,ケイオウヨウチエン,,私立幼稚園,382019,,愛媛県松山市森松町1110,愛媛県,松山市,森松町,1110,,33.7953348,132.7908624,,,,,(089)956-7034,,(089)958-8306,,,,,,,,,,,,,,,,,,,,,,,,,,,,,
382019,B000000019,愛媛県松山市,木の実幼稚園,コノミヨウチエン,,私立幼稚園,382019,,愛媛県松山市西垣生町1690-1,愛媛県,松山市,西垣生町,1690-1,,33.813011,132.6984423,,,,,(089)973-1256,,(089)973-1256,,,,,,,,,,,,,,,,,,,,,,,,,,,,,
382019,B000000020,愛媛県松山市,勝山幼稚園,カツヤマヨウチエン,,私立幼稚園,382019,,愛媛県松山市高砂町1-5-12,愛媛県,松山市,高砂町1,5-12,,33.8492236,132.7624275,,,,,(089)923-0074,,(089)926-9822,,,,,,,,,,,,,,,,,,,,,,,,,,,,,
382019,B000000021,愛媛県松山市,愛光幼稚舎,アイコウヨウチシャ,,私立幼稚園,382019,,愛媛県松山市東石井6-6-6,愛媛県,松山市,東石井6,6-6,,33.8106264,132.7763061,,,,,(089)957-4536,,(089)957-2530,,,,,,,,,,,,,,,,,,,,,,,,,,,,,
382019,C000000001,愛媛県松山市,松山保育園,マツヤマホイクエン,,認可公立保育所,382019,,愛媛県松山市中村3-5-29,愛媛県,松山市,中村3,5-29,,33.83052304,132.7756195,,,,,(089)931-1468,,(089)933-9975,,,,,,,,,,,,,,,,,,,,,,,,,,,,,
382019,C000000002,愛媛県松山市,高浜保育園,タカハマホイクエン,,認可公立保育所,382019,,愛媛県松山市高浜町6-1674,愛媛県,松山市,高浜町6,1674,,33.8929588,132.708326,,,,,(089)951-0965,,(089)951‐4965,,,,,,,,,,,,,,,,,,,,,,,,,,,,,
382019,C000000003,愛媛県松山市,余土保育園,ヨドホイクエン,,認可公立保育所,382019,,愛媛県松山市余戸東4-1-19,愛媛県,松山市,余戸東4,1-19,,33.81635985,132.7370213,,,,,(089)972-0801,,(089)971-9901,,,,,,,,,,,,,,,,,,,,,,,,,,,,,
382019,C000000004,愛媛県松山市,久米保育園,クメホイクエン,,認可公立保育所,382019,,愛媛県松山市鷹子町4-4,愛媛県,松山市,鷹子町,4-4,,33.81020923,132.8063651,,,,,(089)975-0201,,(089)970-3902,,,,,,,,,,,,,,,,,,,,,,,,,,,,,
382019,C000000005,愛媛県松山市,味生保育園,ミブホイクエン,,認可公立保育所,382019,,愛媛県松山市北斎院町759-1,愛媛県,松山市,北斎院町759-1,759-1,,33.84295662,132.7249279,,,,,(089)951-2016,,(089)951-4963,,,,,,,,,,,,,,,,,,,,,,,,,,,,,
382019,C000000006,愛媛県松山市,朝美保育園,アサミホイクエン,,認可公立保育所,382019,,愛媛県松山市美沢2-7-39,愛媛県,松山市,美沢2,7-39,,33.85106341,132.7461327,,,,,(089)925-1467,,(089)925-9905,,,,,,,,,,,,,,,,,,,,,,,,,,,,,
382019,C000000007,愛媛県松山市,東雲保育園,シノノメホイクエン,,認可公立保育所,382019,,愛媛県松山市東雲町7-1,愛媛県,松山市,東雲町,7-1,,33.84606062,132.7747217,,,,,(089)931-1439,,(089)933-9913,,,,,,,,,,,,,,,,,,,,,,,,,,,,,
382019,C000000008,愛媛県松山市,八雲保育園,ヤクモホイクエン,,認可公立保育所,382019,,愛媛県松山市此花町1-8,愛媛県,松山市,此花町,1-8,,33.84035411,132.7808754,,,,,(089)941-9771,,(089)933-9918,,,,,,,,,,,,,,,,,,,,,,,,,,,,,
382019,C000000009,愛媛県松山市,つばき保育園,ツバキホイクエン,,認可公立保育所,382019,,愛媛県松山市古川北2-18-30,愛媛県,松山市,古川北2,18-30,,33.81307857,132.7628788,,,,,(089)956-7670,,(089)958-9952,,,,,,,,,,,,,,,,,,,,,,,,,,,,,
382019,C000000010,愛媛県松山市,山越保育園,ヤマゴエホイクエン,,認可公立保育所,382019,,愛媛県松山市山越1-19-40,愛媛県,松山市,山越1,19-40,,33.85648372,132.7554415,,,,,(089)925-9547,,(089)925-9907,,,,,,,,,,,,,,,,,,,,,,,,,,,,,
382019,C000000011,愛媛県松山市,国津保育園,クニツホイクエン,,認可公立保育所,382019,,愛媛県松山市八反地甲1647,愛媛県,松山市,八反地,甲1647,,33.97061754,132.7903906,,,,,(089)993-0807,,(089)993-0807,,,,,,,,,,,,,,,,,,,,,,,,,,,,,
382019,C000000012,愛媛県松山市,浅海保育園,アサナミホイクエン,,認可公立保育所,382019,,愛媛県松山市浅海本谷甲719-1,愛媛県,松山市,浅海本谷,甲719-1,,34.01009376,132.801891,,,,,(089)995-0032,,(089)995-0032,,,,,,,,,,,,,,,,,,,,,,,,,,,,,
382019,C000000013,愛媛県松山市,粟井保育園,アワイホイクエン,,認可公立保育所,382019,,愛媛県松山市鹿峰63-2,愛媛県,松山市,鹿峰,63-2,,33.93663158,132.7735183,,,,,(089)994-0193,,(089)994-0193,,,,,,,,,,,,,,,,,,,,,,,,,,,,,
382019,C000000014,愛媛県松山市,堀江保育園,ホリエホイクエン,,認可公立保育所,382019,,愛媛県松山市堀江町甲1654-9,愛媛県,松山市,堀江町,甲1654-9,,33.90491649,132.7485112,,,,,(089)978-0356,,(089)978-5549,,,,,,,,,,,,,,,,,,,,,,,,,,,,,
382019,C000000015,愛媛県松山市,道後保育園,ドウゴホイクエン,,認可公立保育所,382019,,愛媛県松山市道後姫塚123-1,愛媛県,松山市,道後姫塚,123-1,,33.84966602,132.7892457,,,,,(089)931-4379,,(089)933-9907,,,,,,,,,,,,,,,,,,,,,,,,,,,,,
382019,C000000016,愛媛県松山市,桑原保育園,クワバラホイクエン,,認可公立保育所,382019,,愛媛県松山市桑原4-10-22,愛媛県,松山市,桑原4,10-22,,33.83262494,132.7946065,,,,,(089)931-0828,,(089)933-9910,,,,,,,,,,,,,,,,,,,,,,,,,,,,,
382019,C000000017,愛媛県松山市,小百合保育園,サユリホイクエン,,認可公立保育所,382019,,愛媛県松山市溝辺町甲528,愛媛県,松山市,溝辺町,甲528,,33.85302617,132.8061998,,,,,(089)977-0228,,(089)977-9981,,,,,,,,,,,,,,,,,,,,,,,,,,,,,
382019,C000000018,愛媛県松山市,伊台保育園,イダイホイクエン,,認可公立保育所,382019,,愛媛県松山市下伊台町1493-1,愛媛県,松山市,下伊台町,1493-1,,33.87797639,132.7991192,,,,,(089)977-0335 ,,(089)977-9982,,,,,,,,,,,,,,,,,,,,,,,,,,,,,
382019,C000000019,愛媛県松山市,生石保育園,ショウセキホイクエン,,認可公立保育所,382019,,愛媛県松山市高岡町860-1,愛媛県,松山市,高岡町,860-1,,33.83079187,132.7126938,,,,,(089)972-0803,,(089)971-9902,,,,,,,,,,,,,,,,,,,,,,,,,,,,,
382019,C000000020,愛媛県松山市,浮穴保育園,ウケナホイクエン,,認可公立保育所,382019,,愛媛県松山市南高井町1608-2,愛媛県,松山市,南高井町,1608-2,,33.79215834,132.7994488,,,,,(089)976-2202,,(089)970-3903,,,,,,,,,,,,,,,,,,,,,,,,,,,,,
382019,C000000021,愛媛県松山市,平井保育園,ヒライホイクエン,,認可公立保育所,382019,,愛媛県松山市平井町甲118,愛媛県,松山市,平井町,甲118,,33.80957732,132.8362162,,,,,(089)975-0126,,(089)970-3904,,,,,,,,,,,,,,,,,,,,,,,,,,,,,
382019,C000000022,愛媛県松山市,石井保育園,イシイホイクエン,,認可公立保育所,382019,,愛媛県松山市西石井6-4-34,愛媛県,松山市,西石井6,4-34,,33.81263407,132.774651,,,,,(089)956-0849,,(089)958-9951,,,,,,,,,,,,,,,,,,,,,,,,,,,,,
382019,C000000023,愛媛県松山市,中須賀保育園,ナカスガホイクエン,,認可公立保育所,382019,,愛媛県松山市中須賀1-12-17,愛媛県,松山市,中須賀1,12-17,,33.86478758,132.7246594,,,,,(089)952-9655,,(089)951-4968,,,,,,,,,,,,,,,,,,,,,,,,,,,,,
382019,D000000001,愛媛県松山市,垣生保育園,ハブホイクエン,,認可私立保育所,382019,,愛媛県松山市西垣生町742-1,愛媛県,松山市,西垣生町,742-1,,33.81308112,132.7047231,,,,,(089)972-1522,,(089)973-4689,,,,,,,,,,,,,,,,,,,,,,,,,,,,,
382019,D000000002,愛媛県松山市,小富士保育園,コフジホイクエン,,認可私立保育所,382019,,愛媛県松山市三津2-7-16,愛媛県,松山市,三津2,7-16,,33.86370769,132.7114158,,,,,(089)951-0676,,(089)951-3951,,,,,,,,,,,,,,,,,,,,,,,,,,,,,
382019,D000000003,愛媛県松山市,潮見保育園,シオミホイクエン,,認可私立保育所,382019,,愛媛県松山市谷町49,愛媛県,松山市,谷町,49,,33.87651626,132.7523455,,,,,(089)978-1174,,(089)979-5778,,,,,,,,,,,,,,,,,,,,,,,,,,,,,
382019,D000000004,愛媛県松山市,緑ヶ浜保育園,ミドリガハマホイクエン,,認可私立保育所,382019,,愛媛県松山市勝岡町2613-4,愛媛県,松山市,勝岡町,2613-4,,33.8988643,132.7250783,,,,,(089)979-0205,,(089)979-4009,,,,,,,,,,,,,,,,,,,,,,,,,,,,,
382019,D000000005,愛媛県松山市,太山寺保育園,タイサンジホイクエン,,認可私立保育所,382019,,愛媛県松山市太山寺町1189-1,愛媛県,松山市,太山寺町,1189-1,,33.885991,132.728873,,,,,(089)979-2741,,(089)979-2789,,,,,,,,,,,,,,,,,,,,,,,,,,,,,
382019,D000000006,愛媛県松山市,のぞみ保育園,ノゾミホイクエン,,認可私立保育所,382019,,愛媛県松山市土居田町569,愛媛県,松山市,土居田町,569,,33.82247701,132.744087,,,,,(089)971-9085,,(089)971-9911,,,,,,,,,,,,,,,,,,,,,,,,,,,,,
382019,D000000007,愛媛県松山市,あさひ保育園,アサヒホイクエン,,認可私立保育所,382019,,愛媛県松山市吉藤2-7-1,愛媛県,松山市,吉藤2,7-1,,33.86944098,132.7609019,,,,,(089)924-5590,,(089)923-4032,,,,,,,,,,,,,,,,,,,,,,,,,,,,,
382019,D000000008,愛媛県松山市,高木保育園,タカギホイクエン,,認可私立保育所,382019,,愛媛県松山市高木町252,愛媛県,松山市,高木町,252,,33.88486965,132.7416676,,,,,(089)979-0172,,(089)979-6269,,,,,,,,,,,,,,,,,,,,,,,,,,,,,
382019,D000000009,愛媛県松山市,愛媛保育園,エヒメホイクエン,,認可私立保育所,382019,,愛媛県松山市若草町8-2,愛媛県,松山市,若草町,8-2,,33.84720739,132.7615482,,,,,(089)933-2751,,(089)933-2789,,,,,,,,,,,,,,,,,,,,,,,,,,,,,
382019,D000000010,愛媛県松山市,富久保育園,トミヒサホイクエン,,認可私立保育所,382019,,愛媛県松山市富久町32-3,愛媛県,松山市,富久町,32-3,,33.82281547,132.7333509,,,,,(089)971-2992,,(089)972-5473,,,,,,,,,,,,,,,,,,,,,,,,,,,,,
382019,D000000011,愛媛県松山市,南保育園,ミナミホイクエン,,認可私立保育所,382019,,愛媛県松山市東方町甲2240,愛媛県,松山市,東方町,甲2240,,33.77717572,132.8219331,,,,,(089)963-3586,,(089)963-1815,,,,,,,,,,,,,,,,,,,,,,,,,,,,,
382019,D000000012,愛媛県松山市,えひめ乳児保育園,エヒメニュウジホイクエン,,認可私立保育所,382019,,愛媛県松山市清水町4-23,愛媛県,松山市,清水町4,23,,33.85382587,132.7642316,,,,,(089)925-1417,,(089)925-1740,,,,,,,,,,,,,,,,,,,,,,,,,,,,,
382019,D000000013,愛媛県松山市,松山中央乳児保育園,マツヤマチュウオウニュウジホイクエン,,認可私立保育所,382019,,愛媛県松山市三番町8-326-1,愛媛県,松山市,三番町8,326-1,,33.83782367,132.7531287,,,,,(089)943-2583,,(089)921-5881,,,,,,,,,,,,,,,,,,,,,,,,,,,,,
382019,D000000014,愛媛県松山市,済生会松山乳児保育園,サイセイカイマツヤマニュウジホイクエン,,認可私立保育所,382019,,愛媛県松山市祓川2-5-26,愛媛県,松山市,祓川2,5-26,,33.86007504,132.7198485,,,,,(089)951-3448,,(089)951-4448,,,,,,,,,,,,,,,,,,,,,,,,,,,,,
382019,D000000015,愛媛県松山市,夜間保育所ふくろうの家,ヤカンホイクショフクロウノイエ,,認可私立保育所,382019,,愛媛県松山市久万ノ台173,愛媛県,松山市,久万ノ台,173,,33.85785024,132.7469412,,,,,(089)911-0336,,(089)911-0337,,,,,,,,,,,,,,,,,,,,,,,,,,,,,
382019,D000000016,愛媛県松山市,河野保育園,コウノホイクエン,,認可私立保育所,382019,,愛媛県松山市河野別府196,愛媛県,松山市,河野別府,196,,33.95051291,132.7814144,,,,,(089)992-1421,,(089)992-1422,,,,,,,,,,,,,,,,,,,,,,,,,,,,,
382019,D000000017,愛媛県松山市,白百合保育園,シラユリホイクエン,,認可私立保育所,382019,,愛媛県松山市府中9-2,愛媛県,松山市,府中,9-2,,33.95313774,132.7698127,,,,,(089)993-1888,,(089)993-1888,,,,,,,,,,,,,,,,,,,,,,,,,,,,,
382019,D000000018,愛媛県松山市,北条愛児園,ホウジョウアイジエン,,認可私立保育所,382019,,愛媛県松山市土手内14-1,愛媛県,松山市,土手内,14-1,,33.97226208,132.7734975,,,,,(089)992-5105,,(089)992-5666,,,,,,,,,,,,,,,,,,,,,,,,,,,,,
382019,D000000019,愛媛県松山市,ひよこ保育園,ヒヨコホイクエン,,認可私立保育所,382019,,愛媛県松山市南斉院町686-2,愛媛県,松山市,南斉院町,686-2,,33.83066062,132.7317426,,,,,(089)974-2816,,(089)974-2889,,,,,,,,,,,,,,,,,,,,,,,,,,,,,
382019,D000000020,愛媛県松山市,保育所ぶどうの樹,ホイクショブドウノキ,,認可私立保育所,382019,,愛媛県松山市福音寺町27-5,愛媛県,松山市,福音寺町,27-5,,33.8193689,132.7944864,,,,,(089)970-1442,,(089)909-7291,,,,,,,,,,,,,,,,,,,,,,,,,,,,,
382019,D000000021,愛媛県松山市,アユーラキッズルームあむぱむ2,アユーラキッズルームアムパムツー,,認可私立保育所,382019,,愛媛県松山市日の出町10-80,愛媛県,松山市,日の出町,10-80,,33.8377248,132.7837708,,,,,(089)947-7188,,(089)947-7081,,,,,,,,,,,,,,,,,,,,,,,,,,,,,
382019,F000000001,愛媛県松山市,東松山こども園,ヒガシマツヤマコドモエン,,認定こども園（幼保連携型）,382019,,愛媛県松山市久米窪田町394-1,愛媛県,松山市,久米窪田町,394-1,,33.80329395,132.8116007,,,,,(089)976-2140,,(089)976-8361,,,,,,,,,,,,,,,,,,,,,,,,,,,,,
382019,F000000002,愛媛県松山市,松山認定こども園　星岡,マツヤマニンテイコドモエン　ホシオカ,,認定こども園（幼保連携型）,382019,,愛媛県松山市星岡2-22-7,愛媛県,松山市,星岡2,22-7,,33.81940841,132.7841909,,,,,(089)958-2468,,(089)958-5001,,,,,,,,,,,,,,,,,,,,,,,,,,,,,
382019,F000000003,愛媛県松山市,認定こども園　コイノニア幼稚園　リベカ清水保育園,ニンテイコドモエン　コイノニアヨウチエン　リベカシミズホイクエン,,認定こども園（幼保連携型）,382019,,愛媛県松山市清水町2-19-8,愛媛県,松山市,清水町2,19-8,,33.85072777,132.7626044,,,,,(089)924-7868,,(089)924-7906,,,,,,,,,,,,,,,,,,,,,,,,,,,,,
382019,F000000004,愛媛県松山市,学校法人　勝愛学園　幼保連携型認定こども園,ガッコウホウジン　ショウアイガクエン　ヨウホレンケイガタニンテイコドモエン,,認定こども園（幼保連携型）,382019,,愛媛県松山市土居田町841,愛媛県,松山市,土居田町,841,,33.8218165,132.7386398,,,,,(089)972-2545,,(089)973-9775,,,,,,,,,,,,,,,,,,,,,,,,,,,,,
382019,F000000005,愛媛県松山市,認定こども園　さくら幼稚園,ニンテイコドモエン　サクラヨウチエン,,認定こども園（幼保連携型）,382019,,愛媛県松山市新立町4-23,愛媛県,松山市,新立町,4-23,,33.8368367,132.7788746,,,,,(089)933-2241,,(089)933-2242,,,,,,,,,,,,,,,,,,,,,,,,,,,,,
382019,F000000006,愛媛県松山市,幼保連携型認定こども園　愛媛幼稚園,ヨウホレンケイガタニンテイコドモエン　エヒメヨウチエン,,認定こども園（幼保連携型）,382019,,愛媛県松山市三番町2-6-6,愛媛県,松山市,三番町2,6-6,,33.8386396,132.7714322,,,,,(089)945-1888,,(089)945-3250,,,,,,,,,,,,,,,,,,,,,,,,,,,,,
382019,F000000007,愛媛県松山市,幼保連携型認定こども園　法龍寺こども園,ヨウホレンケイガタニンテイコドモエン　ホウリュウジコドモエン,,認定こども園（幼保連携型）,382019,,愛媛県松山市柳井町3-8-14,愛媛県,松山市,柳井町3,8-14,,33.834744,132.7648059,,,,,(089)945-9450,,(089)945-9477,,,,,,,,,,,,,,,,,,,,,,,,,,,,,
382019,F000000008,愛媛県松山市,幼保連携型認定こども園　愛媛星岡幼稚園,ヨウホレンケイガタニンテイコドモエン　エヒメホシオカヨウチエン,,認定こども園（幼保連携型）,382019,,愛媛県松山市星岡4-13-20,愛媛県,松山市,星岡4,13-20,,33.812724,132.785431,,,,,(089)956-0900,,(089)956-0912,,,,,,,,,,,,,,,,,,,,,,,,,,,,,
382019,F000000009,愛媛県松山市,幼保連携型認定こども園　三葉幼稚園,ヨウホレンケイガタニンテイコドモエン　ミツバヨウチエン,,認定こども園（幼保連携型）,382019,,愛媛県松山市山西町447,愛媛県,松山市,山西町,447,,33.8524028,132.7288566,,,,,(089)952-1777,,(089)952-1858,,,,,,,,,,,,,,,,,,,,,,,,,,,,,
382019,F000000010,愛媛県松山市,認定こども園　花園幼稚園,ニンテイコドモエン　ハナゾノヨウチエン,,認定こども園（幼保連携型）,382019,,愛媛県松山市御幸1-267,愛媛県,松山市,御幸1,267,,33.8581051,132.764117,,,,,(089)923-0547,,(089)924-9112,,,,,,,,,,,,,,,,,,,,,,,,,,,,,
382019,F000000011,愛媛県松山市,幼保連携型認定こども園　愛隣こども園,ヨウホレンケイガタニンテイコドモエン　アイリンコドモエン,,認定こども園（幼保連携型）,382019,,愛媛県松山市三津3-6-30,愛媛県,松山市,三津3,6-30,,33.8624279,132.7133221,,,,,(089)951-3463,,(089)995-8521,,,,,,,,,,,,,,,,,,,,,,,,,,,,,
382019,F000000012,愛媛県松山市,学校法人大護学園　大護さとやま認定こども園,ガッコウホウジンダイゴガクエン　ダイゴサトヤマニンテイコドモエン,,認定こども園（幼保連携型）,382019,,愛媛県松山市畑寺町乙16,愛媛県,松山市,畑寺町,乙16,,33.8255434,132.8057241,,,,,(089)975-6002,,(089)975-6004,,,,,,,,,,,,,,,,,,,,,,,,,,,,,
382019,F000000013,愛媛県松山市,認定こども園　北梅本幼稚園,ニンテイコドモエン　キタウメモトヨウチエン,,認定こども園（幼保連携型）,382019,,愛媛県松山市北梅本町2258,愛媛県,松山市,北梅本町,2258,,33.8106417,132.8433944,,,,,(089)975-1520,,(089)975-0707,,,,,,,,,,,,,,,,,,,,,,,,,,,,,
382019,F000000014,愛媛県松山市,社会福祉法人　立花会　幼保連携型認定こども園　立花こども園,シャカイフクシホウジン　タチバナカイ　ヨウホレンケイガタニンテイコドモエン　タチバナコドモエン,,認定こども園（幼保連携型）,382019,,愛媛県松山市立花5-5-5,愛媛県,松山市,立花5,5-5,,33.82765419,132.7702273,,,,,(089)931-8492,,(089)931-8526,,,,,,,,,,,,,,,,,,,,,,,,,,,,,
382019,F000000015,愛媛県松山市,幼保連携型認定こども園　ゆめの森こども園,ヨウホレンケイガタニンテイコドモエン　ユメノモリコドモエン,,認定こども園（幼保連携型）,382019,,愛媛県松山市雄郡1-9-35,愛媛県,松山市,雄郡1,9-35,,33.83059888,132.7567647,,,,,(089)945-7507,,(089)945-7508,,,,,,,,,,,,,,,,,,,,,,,,,,,,,
382019,F000000016,愛媛県松山市,幼保連携型認定こども園　未来こども園,ヨウホレンケイガタニンテイコドモエン　ミライコドモエン,,認定こども園（幼保連携型）,382019,,愛媛県松山市来住町730-4,愛媛県,松山市,来住町,730-4,,33.80405567,132.8002031,,,,,(089)970-1570,,(089)970-1671,,,,,,,,,,,,,,,,,,,,,,,,,,,,,
382019,F000000017,愛媛県松山市,幼保連携型認定こども園　未来夢こども園,ヨウホレンケイガタニンテイコドモエン　ミライユメモエン,,認定こども園（幼保連携型）,382019,,愛媛県松山市北井門5-2-2,愛媛県,松山市,北井門5,2-2,,33.80358604,132.7719315,,,,,(089)961-1545,,(089)956-3200,,,,,,,,,,,,,,,,,,,,,,,,,,,,,
382019,F000000018,愛媛県松山市,幼保連携型認定こども園　虹のそらこども園,ヨウホレンケイガタニンテイコドモエン　ニジノソラコドモエン,,認定こども園（幼保連携型）,382019,,愛媛県松山市朝生田町6-2-24,愛媛県,松山市,朝生田町6,2-24,,33.82074961,132.7668741,,,,,(089)913-7716,,(089)913-2416,,,,,,,,,,,,,,,,,,,,,,,,,,,,,
382019,F000000019,愛媛県松山市,認定こども園　高縄幼稚園,ニンテイコドモエン　タカナワヨウチエン,,認定こども園（幼保連携型）,382019,,愛媛県松山市苞木甲153-1,愛媛県,松山市,苞木,甲153-1,,33.9412087,132.7725504,,,,,(089)994-2066,,(089)994-2796,,,,,,,,,,,,,,,,,,,,,,,,,,,,,
382019,F000000020,愛媛県松山市,認定こども園コイノニア幼児園,ニンテイコドモエンコイノニアヨウジエン,,認定こども園（幼保連携型）,382019,,愛媛県松山市久万ノ台173,愛媛県,松山市,久万ノ台,173,,33.8576741,132.7466297,,,,,(089)911-0336,,(089)911-0337,,,,,,,,,,,,,,,,,,,,,,,,,,,,,
382019,F000000021,愛媛県松山市,幼保連携型認定こども園　くたに幼稚園,ヨウホレンケイガタニンテイコドモエン　クタニヨウチエン,,認定こども園（幼保連携型）,382019,,愛媛県松山市恵原町甲536,愛媛県,松山市,恵原町,甲536,,33.7671713,132.8080652,,,,,(089)963-0990,,(089)963-0064,,,,,,,,,,,,,,,,,,,,,,,,,,,,,
382019,G000000001,愛媛県松山市,認定こども園　潮見幼稚園,ニンテイコドモエン　シオミヨウチエン,,認定こども園（幼稚園型）,382019,,愛媛県松山市吉藤5-20-74,愛媛県,松山市,吉藤5,20-74,,33.8736188,132.7625722,,,,,(089)924-5457,,(089)924-5463,,,,,,,,,,,,,,,,,,,,,,,,,,,,,
382019,G000000002,愛媛県松山市,学校法人綜芸種智院石手学園　認定こども園　石手幼稚園,ガッコウホウジンシュゲイシュチインイシテガクエン　ニンテイコドモエン　イシテヨウチエン,,認定こども園（幼稚園型）,382019,,愛媛県松山市常光寺町甲406-1,愛媛県,松山市,常光寺町,甲406-1,,33.8496712,132.7945436,,,,,(089)977-0165,,(089)977-0165,,,,,,,,,,,,,,,,,,,,,,,,,,,,,
382019,G000000003,愛媛県松山市,認定こども園　北条幼稚園,ニンテイコドモエン　ホウジョウヨウチエン,,認定こども園（幼稚園型）,382019,,愛媛県松山市北条1122,愛媛県,松山市,北条,1122,,33.9795240,132.773712,,,,,(089)993-1154,,(089)993-1168,,,,,,,,,,,,,,,,,,,,,,,,,,,,,
382019,G000000004,愛媛県松山市,認定こども園　椿幼稚園,ニンテイコドモエン　ツバキヨウチエン,,認定こども園（幼稚園型）,382019,,愛媛県松山市古川西1-16-1,愛媛県,松山市,古川西1,16-1,,33.8104504,132.7586302,,,,,(089)957-1611,,(089)957-1132,,,,,,,,,,,,,,,,,,,,,,,,,,,,,
382019,G000000005,愛媛県松山市,認定こども園　若草幼稚園,ニンテイコドモエン　ワカクサヨウチエン,,認定こども園（幼稚園型）,382019,,愛媛県松山市味酒町3-5-1,愛媛県,松山市,味酒町3,5-1,,33.8465622,132.7536068,,,,,(089)993-8182,,(089)993-8183,,,,,,,,,,,,,,,,,,,,,,,,,,,,,
382019,G000000006,愛媛県松山市,認定こども園　すみれ幼稚園,ニンテイコドモエン　スミレヨウチエン,,認定こども園（幼稚園型）,382019,,愛媛県松山市山越4-11-1,愛媛県,松山市,山越4,11-1,,33.8615367,132.7554025,,,,,(089)926-3770,,(089)926-3782,,,,,,,,,,,,,,,,,,,,,,,,,,,,,
382019,G000000007,愛媛県松山市,認定こども園　あい幼稚園,ニンテイコドモエン　アイヨウチエン,,認定こども園（幼稚園型）,382019,,愛媛県松山市府中818-3,愛媛県,松山市,府中,818-3,,33.9551525,132.7773087,,,,,(089)993-3430,,(089)993-3432,,,,,,,,,,,,,,,,,,,,,,,,,,,,,
382019,G000000008,愛媛県松山市,認定こども園　育英幼稚園,ニンテイコドモエン　イクエイヨウチエン,,認定こども園（幼稚園型）,382019,,愛媛県松山市東野3-8-22,愛媛県,松山市,東野3,8-22,,33.8440636,132.8051476,,,,,(089)977-5466,,(089)977-2749,,,,,,,,,,,,,,,,,,,,,,,,,,,,,
382019,G000000009,愛媛県松山市,認定こども園　育英湯山幼稚園,ニンテイコドモエン　イクエイユヤマヨウチエン,,認定こども園（幼稚園型）,382019,,愛媛県松山市上高野町甲119,愛媛県,松山市,上高野町,甲119,,33.8580388,132.8117573,,,,,(089)977-7548,,(089)977-9410,,,,,,,,,,,,,,,,,,,,,,,,,,,,,
382019,G000000010,愛媛県松山市,認定こども園　育英第二幼稚園,ニンテイコドモエン　イクエイダイニヨウチエン,,認定こども園（幼稚園型）,382019,,愛媛県松山市古三津3-1-10,愛媛県,松山市,古三津3,1-10,,33.8567149,132.7341089,,,,,(089)952-6635,,(089)952-2707,,,,,,,,,,,,,,,,,,,,,,,,,,,,,
382019,H000000001,愛媛県松山市,もものはなこども園,モモノハナコドモエン,,認定こども園（保育所型）,382019,,愛媛県松山市由良町479,愛媛県,松山市,由良町,479,,33.9018610,132.6741049,,,,,(089)961-2332,,(089)961-3592,,,,,,,,,,,,,,,,,,,,,,,,,,,,,
382019,H000000002,愛媛県松山市,中島こども園,ナカジマコドモエン,,認定こども園（保育所型）,382019,,愛媛県松山市中島大浦3040-1,愛媛県,松山市,中島大浦,3040-1,,33.9739161,132.6288858,,,,,(089)997-0101,,(089)997-0101,,,,,,,,,,,,,,,,,,,,,,,,,,,,,
382019,H000000003,愛媛県松山市,松山認定こども園　和泉　和泉保育園,マツヤマニンテイコドモエン　イズミ　イズミホイクエン,,認定こども園（保育所型）,382019,,愛媛県松山市和泉北1-20-18,愛媛県,松山市,和泉北1,20-18,,33.82542981,132.7616128,,,,,(089)921-3355,,(089)932-4399,,,,,,,,,,,,,,,,,,,,,,,,,,,,,
382019,H000000004,愛媛県松山市,認定こども園　はなみずき保育園,ニンテイコドモエン　ハナミズキホイクエン,,認定こども園（保育所型）,382019,,愛媛県松山市古川西1-16-1,愛媛県,松山市,古川西1,16-1,,33.81063294,132.7589069,,,,,(089)957-1611 ,,(089)957-1132 ,,,,,,,,,,,,,,,,,,,,,,,,,,,,,
382019,H000000005,愛媛県松山市,認定こども園　福角保育園,ニンテイコドモエン　フクズミホイクエン,,認定こども園（保育所型）,382019,,愛媛県松山市福角町甲1258-2,愛媛県,松山市,福角町,甲1258-2,,33.9008132,132.7601263,,,,,(089)978-3258,,(089)978-3299,,,,,,,,,,,,,,,,,,,,,,,,,,,,,
382019,H000000006,愛媛県松山市,認定こども園　小羊園,ニンテイコドモエン　コヒツジエン,,認定こども園（保育所型）,382019,,愛媛県松山市小坂3-6-13,愛媛県,松山市,小坂3,6-13,,33.83082768,132.7829045,,,,,(089)943-6857,,(089)943-6896,,,,,,,,,,,,,,,,,,,,,,,,,,,,,
382019,H000000007,愛媛県松山市,認定こども園　ジャックと豆の木園,ニンテイコドモエン　ジャックトマメノキエン,,認定こども園（保育所型）,382019,,愛媛県松山市枝松6-7-16,愛媛県,松山市,枝松6,7-16,,33.82567269,132.7853665,,,,,(089)931-7911,,(089)997-7917,,,,,,,,,,,,,,,,,,,,,,,,,,,,,
382019,H000000008,愛媛県松山市,認定こども園　ジャックと豆の木園　余戸園,ニンテイコドモエン　ジャックトマメノキエン　ヨウゴエン,,認定こども園（保育所型）,382019,,愛媛県松山市余戸南2-24-38,愛媛県,松山市,余戸南2,24-38,,33.8108294,132.7351421,,,,,(089)965-1330,,(089)965-1330,,,,,,,,,,,,,,,,,,,,,,,,,,,,,
382019,H000000009,愛媛県松山市,認定こども園　松山隣保館保育園,ニンテイコドモエン　マツヤマリンポカンホイクエン,,認定こども園（保育所型）,382019,,愛媛県松山市味酒町2-14-3,愛媛県,松山市,味酒町2,14-3,,33.84437045,132.755524,,,,,(089)921-6664,,(089)921-6683,,,,,,,,,,,,,,,,,,,,,,,,,,,,,
382019,H000000010,愛媛県松山市,認定こども園　愛光保育園,ニンテイコドモエン　アイコウホイクエン,,認定こども園（保育所型）,382019,,愛媛県松山市愛光町9-8,愛媛県,松山市,愛光町,9-8,,33.8467955,132.748632,,,,,(089)924-4535,,(089)924-4579,,,,,,,,,,,,,,,,,,,,,,,,,,,,,
382019,H000000011,愛媛県松山市,認定こども園城北愛児園,ニンテイコドモエン　ジョウホクアイジエン,,認定こども園（保育所型）,382019,,愛媛県松山市安城寺町1744-6,愛媛県,松山市,安城寺町,1744-6,,33.8871986,132.7383693,,,,,(089)978-4430,,(089)978-4430,,,,,,,,,,,,,,,,,,,,,,,,,,,,,
382019,H000000012,愛媛県松山市,認定こども園　こどものくに保育園,ニンテイコドモエン　コドモノクニホイクエン,,認定こども園（保育所型）,382019,,愛媛県松山市南斎院町乙41-3,愛媛県,松山市,南斎院町,乙41-3,,33.84464849,132.7336229,,,,,(089)926-5240,,(089)924-8190,,,,,,,,,,,,,,,,,,,,,,,,,,,,,
382019,H000000013,愛媛県松山市,認定こども園　慈童保育園,ニンテイコドモエン　ジドウホイクエン,,認定こども園（保育所型）,382019,,愛媛県松山市下難波甲816,愛媛県,松山市,下難波,甲816,,33.98694556,132.7889503,,,,,(089)992-0792,,(089)993-0799,,,,,,,,,,,,,,,,,,,,,,,,,,,,,
382019,H000000014,愛媛県松山市,認定こども園　ゆうゆう,ニンテイコドモエン　ユウユウ,,認定こども園（保育所型）,382019,,愛媛県松山市朝生田町6-2-27,愛媛県,松山市,朝生田町6,2-27,,33.8209869,132.7667963,,,,,(089)934-5115,,(089)934-5115,,,,,,,,,,,,,,,,,,,,,,,,,,,,,
382019,H000000015,愛媛県松山市,認定こども園　アイドル園,ニンテイコドモエン　アイドルエン,,認定こども園（保育所型）,382019,,愛媛県松山市雄郡2-6-17,愛媛県,松山市,雄郡2,6-17,,33.8320608,132.7423326,,,,,(089)954-4034,,(089)954-4091,,,,,,,,,,,,,,,,,,,,,,,,,,,,,
382019,I000000001,愛媛県松山市,認定こども園つくし,ニンテイコドモエンツクシ,,認定こども園（地方裁量型）,382019,,愛媛県松山市堀江町甲108-15,愛媛県,松山市,堀江町,甲108-15,,33.895016,132.746096,,,,,(089)978-2464,,(089)978-2464,,,,,,,,,,,,,,,,,,,,,,,,,,,,,
382019,I000000002,愛媛県松山市,認定こども園　コモドまつすえ園,ニンテイコドモエン　コモドマツスエエン,,認定こども園（地方裁量型）,382019,,愛媛県松山市松末1-3-3,愛媛県,松山市,松末1,3-3,,33.8262535,132.7887323,,,,,(089)975-5020,,(089)975-5020,,,,,,,,,,,,,,,,,,,,,,,,,,,,,
382019,L000000001,愛媛県松山市,すまいる保育園,スマイルホイクエン,,,382019,,愛媛県松山市大街道2-5-12,愛媛県,松山市,大街道2,5-12,,33.8409443,132.7680111,,,,,(089)904-7007,,(089)904-7007,,,,,,,,,,,,,,,,,,,,,,,,,,,,,
382019,L000000002,愛媛県松山市,まちっこ保育園,マチッコホイクエン,,,382019,,愛媛県松山市千舟町2-1-2,愛媛県,松山市,千舟町2,1-2,,33.8361274,132.7714303,,,,,(089)909-3960,,(089)945-9477,,,,,,,,,,,,,,,,,,,,,,,,,,,,,
382019,L000000003,愛媛県松山市,ひめっこ保育園,ヒメッコホイクエン,,,382019,,愛媛県松山市春日町12-5,愛媛県,松山市,春日町,12-5,,33.8336581,132.7644782,,,,,080-2981-0655,,(089)945-9477,,,,,,,,,,,,,,,,,,,,,,,,,,,,,
382019,L000000004,愛媛県松山市,なのはな保育園,ナノハナホイクエン,,,382019,,愛媛県松山市和泉南6-4-33,愛媛県,松山市,和泉南6,4-33,,33.8115467,132.7591348,,,,,(089)956-1188,,,,,,,,,,,,,,,,,,,,,,,,,,,,,,,
382019,L000000005,愛媛県松山市,天山保育園,アマヤマホイクエン,,,382019,,愛媛県松山市天山2-3-27,愛媛県,松山市,天山2,3-27,,33.8195582,132.7787091,,,,,080-6282-5206,,(089)932-7117,,,,,,,,,,,,,,,,,,,,,,,,,,,,,
382019,L000000006,愛媛県松山市,さかのうえ保育園　小規模保育園　溝辺園,サカノウエホイクエン　ショウキボホイクエン　ミゾノベエン,,,382019,,愛媛県松山市溝辺町甲293-1,愛媛県,松山市,溝辺町,甲293-1,,33.848815,132.80334,,,,,(089)909-9994,,(089)909-9969,,,,,,,,,,,,,,,,,,,,,,,,,,,,,
382019,L000000007,愛媛県松山市,小規模保育事業所　ひかり,ショウキボホイクジギョウショ　ヒカリ,,,382019,,愛媛県松山市畑寺町843-1,愛媛県,松山市,畑寺町,843-1,,33.839332,132.804965,,,,,(089)948-4402,,(089)977-4412,,,,,,,,,,,,,,,,,,,,,,,,,,,,,
382019,L000000008,愛媛県松山市,小規模保育園　おひさま,ショウキボホイクエン　オヒサマ,,,382019,,愛媛県松山市居相1-2-6,愛媛県,松山市,居相1,2-6,ドゥエル椿参道,33.8093923,132.7743565,,,,,(089)905-2500,,(089)905-2511,,,,,,,,,,,,,,,,,,,,,,,,,,,,,
382019,L000000009,愛媛県松山市,小規模保育園　みその,ショウキボホイクエン　ミソノ,,,382019,,愛媛県松山市余戸中3-10-35,愛媛県,松山市,余戸中3,10-35,,33.8152925,132.7279315,,,,,(089)972-3250,,(089)989-6685,,,,,,,,,,,,,,,,,,,,,,,,,,,,,
382019,L000000010,愛媛県松山市,小規模保育所　うちみや保育園,ショウキボホイクショ　ウチミヤホイクエン,,,382019,,愛媛県松山市内宮町甲15-6,愛媛県,松山市,内宮町,甲15-6,,33.895721,132.748672,,,,,(089)989-7200,,(089)989-7201,,,,,,,,,,,,,,,,,,,,,,,,,,,,,
382019,L000000011,愛媛県松山市,かしの木園,カシノキエン,,,382019,,愛媛県松山市朝美1-11-14,愛媛県,松山市,朝美1,11-14,,33.84497,132.7463714,,,,,(089)922-4214,,(089)922-4214,,,,,,,,,,,,,,,,,,,,,,,,,,,,,
382019,L000000012,愛媛県松山市,アユーラキッズルームあむぱむ,アユーラキッズルームアムパム,,,382019,,愛媛県松山市宮田町4-1,愛媛県,松山市,宮田町,4-1,キスケBOX駐車場1階,33.8413206,132.7535985,,,,,(089)986-9534,,(089)909-9636,,,,,,,,,,,,,,,,,,,,,,,,,,,,,
382019,L000000013,愛媛県松山市,アユーラキッズルームあむぱむ空港通り,アユーラキッズルームアムパムクウコウドオリ,,,382019,,愛媛県松山市南斎院町50-3,愛媛県,松山市,南斎院町,50-3,,33.8308313,132.7248509,,,,,(089)974-5618,,(089)989-2327,,,,,,,,,,,,,,,,,,,,,,,,,,,,,
382019,L000000014,愛媛県松山市,三福5starインターナショナル保育園,サンプクファイブスターインターナショナルホイクエン,,,382019,,愛媛県松山市中村2-1-3,愛媛県,松山市,中村2,1-3,三福住まいの体感プラザ2階,33.8319044,132.7788232,,,,,(089)906-7552,,(089)906-6061,,,,,,,,,,,,,,,,,,,,,,,,,,,,,
382019,L000000015,愛媛県松山市,小規模保育所　どれみ保育園,ショウキボホイクショ　ドレミホイクエン,,,382019,,愛媛県松山市平井町3282-1,愛媛県,松山市,平井町,3282-1,,33.8063656,132.8168054,,,,,(089)975-1235,,(089)975-1236,,,,,,,,,,,,,,,,,,,,,,,,,,,,,
382019,L000000016,愛媛県松山市,ついてる保育園,ツイテルホイクエン,,,382019,,愛媛県松山市北井門3-10-8,愛媛県,松山市,北井門3,10-8,,33.8053826,132.7729539,,,,,(089)909-5110,,(089)909-5111,,,,,,,,,,,,,,,,,,,,,,,,,,,,,
382019,L000000017,愛媛県松山市,和泉南保育園,イズミミナミホイクエン,,,382019,,愛媛県松山市和泉南1-12-10,愛媛県,松山市,和泉南1,12-10,,33.818340,132.76019,,,,,(089)909-3122,,(089)909-3123,,,,,,,,,,,,,,,,,,,,,,,,,,,,,
382019,L000000018,愛媛県松山市,小規模保育園　夢じゃき園　ＨＡＢＵ,ショウキボホイクエン　ムジャキエン　ハブ,,,382019,,愛媛県松山市西垣生町1241-2　,愛媛県,松山市,西垣生町,1241-2,JAえひめ中央垣生支所,33.8135804,132.7020872,,,,,(089)994-5919,,(089)989-4970,,,,,,,,,,,,,,,,,,,,,,,,,,,,,
382019,L000000019,愛媛県松山市,小規模保育所　ジャックと豆の木園　えだまつ第2,ショウキボホイクショ　ジャックトマメノキエン　エダマツダイニ,,,382019,,愛媛県松山市枝松6-7-21,愛媛県,松山市,枝松6,7-21,,33.8256887,132.7832555,,,,,(089)931-6611,,(089)931-6610,,,,,,,,,,,,,,,,,,,,,,,,,,,,,
382019,L000000020,愛媛県松山市,キッズパオあおぞら園,キッズパオアオゾラエン,,,382019,,愛媛県松山市萱町2-4-5　,愛媛県,松山市,萱町2,4-5,アメニエス萱町１Ｆ,33.8438942,132.7546158,,,,,(089)961-4554,,(089)961-4554,,,,,,,,,,,,,,,,,,,,,,,,,,,,,
382019,L000000021,愛媛県松山市,アユーラキッズルームあむぱむ３,アユーラキッズルームアムパムスリー,,,382019,,愛媛県松山市樽味4-8-16,愛媛県,松山市,樽味4,8-16,,33.8382219,132.7820883,,,,,(089)968-1152,,(089)947-7081,,,,,,,,,,,,,,,,,,,,,,,,,,,,,
382019,L000000022,愛媛県松山市,ここえみ保育園,ココエミホイクエン,,,382019,,愛媛県松山市水泥町1215,愛媛県,松山市,水泥町,1215,,33.8060723,132.8237217,,,,,(089)976-0909,,(089)976-0910,,,,,,,,,,,,,,,,,,,,,,,,,,,,,
382019,L000000023,愛媛県松山市,小規模保育園　夢じゃき園UKENA,ショウキボホイクエン　ムジャキエンウケナ,,,382019,,愛媛県松山市南高井町1564-1,愛媛県,松山市,南高井町,1564-1,,33.7932176,132.8017086,,,,,(089)909-3394,,(089)909-3395,,,,,,,,,,,,,,,,,,,,,,,,,,,,,
382019,L000000024,愛媛県松山市,南高井保育園,ミナミタカイホイクエン,,,382019,,愛媛県松山市南高井町1389-1,愛媛県,松山市,南高井町,1389-1,,33.7927594,132.8067998,,,,,(089)909-5866,,(089)909-5868,,,,,,,,,,,,,,,,,,,,,,,,,,,,,
382019,L000000025,愛媛県松山市,カメリア保育園,カメリアホイクエン,,,382019,,愛媛県松山市吉藤3-10-36,愛媛県,松山市,吉藤3,10-36,,33.8715992,132.6134777,,,,,(089)926-2545,,(089)926-2545,,,,,,,,,,,,,,,,,,,,,,,,,,,,,
382019,L000000026,愛媛県松山市,ユーミー保育園たかのこ,ユーミーホイクエンタカノコ,,,382019,,愛媛県松山市鷹子町407-1,愛媛県,松山市,鷹子町,407-1,,33.8123512,132.8185346,,,,,(089)955-7373,,(089)970-2102,,,,,,,,,,,,,,,,,,,,,,,,,,,,,
382019,L000000027,愛媛県松山市,きらきらキッズ,キラキラキッズ,,,382019,,愛媛県松山市福角町甲1285-1,愛媛県,松山市,福角町,甲1285-1,,33.901668,132.760325,,,,,(089)995-8528,,(089)995-8529,,,,,,,,,,,,,,,,,,,,,,,,,,,,,
382019,L000000028,愛媛県松山市,ウィルビィ　バンビーノ,ウィルビィ　バンビーノ,,,382019,,愛媛県松山市畑寺2-4-53,愛媛県,松山市,畑寺2,4-53,,33.82984,132.7975832,,,,,(089)993-7235,,(089)915-7135,,,,,,,,,,,,,,,,,,,,,,,,,,,,,
382019,L000000029,愛媛県松山市,おだんご,オダンゴ,,,382019,,愛媛県松山市平田町398,愛媛県,松山市,平田町,398,,33.8883544,132.750271,,,,,(089)989-8810,,(089)911-8301,,,,,,,,,,,,,,,,,,,,,,,,,,,,,
382019,L000000030,愛媛県松山市,医療法人慈孝会　福角病院　さくら保育園,イリョウホウジンジコウカイ　フクズミビョウイン　サクラホイクエン,,,382019,,愛媛県松山市福角町乙69-1,愛媛県,松山市,福角町,乙69-1,,33.9048264,132.766947,,,,,(089)979-2055,,(089)979-2055,,,,,,,,,,,,,,,,,,,,,,,,,,,,,
382019,L000000031,愛媛県松山市,まつやま大手町保育所,マツヤマオオテマチホイクショ,,,382019,,愛媛県松山市大手町1-12-1,愛媛県,松山市,大手町1,12-1,,33.8405118,132.7553656,,,,,(089)904-1963,,(089)943-5156,,,,,,,,,,,,,,,,,,,,,,,,,,,,,
382019,L000000032,愛媛県松山市,もりもりキッズ,モリモリキッズ,,,382019,,愛媛県松山市苞木甲200,愛媛県,松山市,苞木,甲200,,33.9409737,132.7571412,,,,,(089)994-3366,,(089)989-7718,,,,,,,,,,,,,,,,,,,,,,,,,,,,,
382019,L000000033,愛媛県松山市,保育園　フォーキッズミネルワ,ホイクエン　フォーキッズミネルワ,,,382019,,愛媛県松山市東垣生町903-1,愛媛県,松山市,東垣生町,903-1,,33.81772,132.7159321,,,,,(089)972-7171,,(089)972-6116,,,,,,,,,,,,,,,,,,,,,,,,,,,,,
382019,J000000001,愛媛県松山市,新玉児童クラブ第１,アラタマジドウクラブダイイチ,,放課後児童クラブ,382019,,愛媛県松山市千舟町8丁目89番地,愛媛県,松山市,千舟町8,89,,33.83616047,132.7532059,,,,,(089)945-0199,,,,,,,,,,,,,,,,,,,,,,,,,,,,,,,
382019,J000000002,愛媛県松山市,新玉児童クラブ第２,アラタマジドウクラブダイニ,,放課後児童クラブ,382019,,愛媛県松山市千舟町8丁目89番地,愛媛県,松山市,千舟町8,89,,33.83616047,132.7532059,,,,,(089)945-3737,,,,,,,,,,,,,,,,,,,,,,,,,,,,,,,
382019,J000000003,愛媛県松山市,新玉児童クラブ第３,アラタマジドウクラブダイサン,,放課後児童クラブ,382019,,愛媛県松山市千舟町8丁目89番地,愛媛県,松山市,千舟町8,89,,33.83616047,132.7532059,,,,,(089)945-0192,,,,,,,,,,,,,,,,,,,,,,,,,,,,,,,
382019,J000000004,愛媛県松山市,石井東児童クラブ第１,イシイヒガシジドウクラブダイイチ,,放課後児童クラブ,382019,,愛媛県松山市越智1丁目2-4,愛媛県,松山市,越智1,2-4,,33.80734198,132.7876613,,,,,(089)958-0199,,,,,,,,,,,,,,,,,,,,,,,,,,,,,,,
382019,J000000005,愛媛県松山市,石井東児童クラブ第２,イシイヒガシジドウクラブダイニ,,放課後児童クラブ,382019,,愛媛県松山市越智1丁目3-35,愛媛県,松山市,越智1,3-35,,33.80718998,132.7871153,,,,,(089)958-0566,,,,,,,,,,,,,,,,,,,,,,,,,,,,,,,
382019,J000000006,愛媛県松山市,石井東児童クラブ第３,イシイヒガシジドウクラブダイサン,,放課後児童クラブ,382019,,愛媛県松山市越智1丁目3-35,愛媛県,松山市,越智1,3-35,,33.80718998,132.7871153,,,,,(089)958-0176,,,,,,,,,,,,,,,,,,,,,,,,,,,,,,,
382019,J000000007,愛媛県松山市,石井東児童クラブ第４,イシイヒガシジドウクラブダイヨン,,放課後児童クラブ,382019,,愛媛県松山市越智1丁目3-35,愛媛県,松山市,越智1,3-35,,33.80718998,132.7871153,,,,,(089)958-0588,,,,,,,,,,,,,,,,,,,,,,,,,,,,,,,
382019,J000000008,愛媛県松山市,雄郡児童クラブ第１,ユウグンジドウクラブダイイチ,,放課後児童クラブ,382019,,愛媛県松山市藤原町618-1,愛媛県,松山市,藤原町,618-1,,33.83189022,132.7594053,,,,,(089)933-0199,,,,,,,,,,,,,,,,,,,,,,,,,,,,,,,
382019,J000000009,愛媛県松山市,雄郡児童クラブ第２,ユウグンジドウクラブダイニ,,放課後児童クラブ,382019,,愛媛県松山市土橋町1番地,愛媛県,松山市,土橋町,1,,33.83187854,132.7574675,,,,,(089)931-0061,,,,,,,,,,,,,,,,,,,,,,,,,,,,,,,
382019,J000000010,愛媛県松山市,雄郡児童クラブ第３,ユウグンジドウクラブダイサン,,放課後児童クラブ,382019,,愛媛県松山市土橋町1番地,愛媛県,松山市,土橋町,1,,33.83187854,132.7574675,,,,,(089)931-0122,,,,,,,,,,,,,,,,,,,,,,,,,,,,,,,
382019,J000000011,愛媛県松山市,小野児童クラブ第１,オノジドウクラブダイイチ,,放課後児童クラブ,382019,,愛媛県松山市平井町3673番地,愛媛県,松山市,平井町,3673,,33.80801343,132.8384621,,,,,(089)975-1125,,,,,,,,,,,,,,,,,,,,,,,,,,,,,,,
382019,J000000012,愛媛県松山市,小野児童クラブ第２,オノジドウクラブダイニ,,放課後児童クラブ,382019,,愛媛県松山市平井町3673番地,愛媛県,松山市,平井町,3673,,33.80813184,132.8384747,,,,,(089)970-0199,,,,,,,,,,,,,,,,,,,,,,,,,,,,,,,
382019,J000000013,愛媛県松山市,小野児童クラブ第３,オノジドウクラブダイサン,,放課後児童クラブ,382019,,愛媛県松山市平井町3673番地,愛媛県,松山市,平井町,3673,,33.80813177,132.8384612,,,,,(089)975-1422,,,,,,,,,,,,,,,,,,,,,,,,,,,,,,,
382019,J000000014,愛媛県松山市,東雲児童クラブ第１,シノノメジドウクラブダイイチ,,放課後児童クラブ,382019,,愛媛県松山市文京町2番地1,愛媛県,松山市,文京町,2-1,,33.84898553,132.7752799,,,,,(089)926-0199,,,,,,,,,,,,,,,,,,,,,,,,,,,,,,,
382019,J000000015,愛媛県松山市,東雲児童クラブ第２,シノノメジドウクラブダイニ,,放課後児童クラブ,382019,,愛媛県松山市文京町2番地2,愛媛県,松山市,文京町,2-2,,33.85024831,132.7738062,,,,,(089)926-2266,,,,,,,,,,,,,,,,,,,,,,,,,,,,,,,
382019,J000000016,愛媛県松山市,東雲児童クラブ第３,シノノメジドウクラブダイサン,,放課後児童クラブ,382019,,愛媛県松山市道後一万8番28号　コーポラスたなか1階,愛媛県,松山市,道後一万,8-28,コーポラスたなか1階,33.84841205,132.77614390,,,,,(089)926-2366,,,,,,,,,,,,,,,,,,,,,,,,,,,,,,,
382019,J000000017,愛媛県松山市,たちばな児童クラブ第１,タチバナジドウクラブダイイチ,,放課後児童クラブ,382019,,愛媛県松山市針田町209番地1,愛媛県,松山市,針田町,209-1,,33.82368047,132.7342948,,,,,(089)973-0199,,,,,,,,,,,,,,,,,,,,,,,,,,,,,,,
382019,J000000018,愛媛県松山市,たちばな児童クラブ第２,タチバナジドウクラブダイニ,,放課後児童クラブ,382019,,愛媛県松山市針田町209番地1,愛媛県,松山市,針田町,209-1,,33.82368047,132.7342948,,,,,(089)972-0013,,,,,,,,,,,,,,,,,,,,,,,,,,,,,,,
382019,J000000019,愛媛県松山市,みどり児童クラブ第１,ミドリジドウクラブダイイチ,,放課後児童クラブ,382019,,愛媛県松山市西長戸町638番地1,愛媛県,松山市,西長戸町,638-1,,33.8692181,132.737801,,,,,(089)927-5311,,,,,,,,,,,,,,,,,,,,,,,,,,,,,,,
382019,J000000020,愛媛県松山市,みどり児童クラブ第２,ミドリジドウクラブダイニ,,放課後児童クラブ,382019,,愛媛県松山市西長戸町493番地2,愛媛県,松山市,西長戸町,493-2,,33.86665919,132.7404379,,,,,(089)926-0067,,,,,,,,,,,,,,,,,,,,,,,,,,,,,,,
382019,J000000021,愛媛県松山市,みどり児童クラブ第３,ミドリジドウクラブダイサン,,放課後児童クラブ,382019,,愛媛県松山市西長戸町493番地2,愛媛県,松山市,西長戸町,493-2,,33.86665919,132.7404379,,,,,(089)927-5388,,,,,,,,,,,,,,,,,,,,,,,,,,,,,,,
382019,J000000022,愛媛県松山市,北久米児童クラブ第１,キタクメジドウクラブダイイチ,,放課後児童クラブ,382019,,愛媛県松山市福音寺町9番地,愛媛県,松山市,福音寺町,9,,33.82049342,132.7984092,,,,,(089)970-1999,,,,,,,,,,,,,,,,,,,,,,,,,,,,,,,
382019,J000000023,愛媛県松山市,北久米児童クラブ第２,キタクメジドウクラブダイニ,,放課後児童クラブ,382019,,愛媛県松山市福音寺町9番地,愛媛県,松山市,福音寺町,9,,33.82049342,132.7984092,,,,,(089)970-1996,,,,,,,,,,,,,,,,,,,,,,,,,,,,,,,
382019,J000000024,愛媛県松山市,北久米児童クラブ第３,キタクメジドウクラブダイサン,,放課後児童クラブ,382019,,愛媛県松山市福音寺町9番地,愛媛県,松山市,福音寺町,9,,33.82049342,132.7984092,,,,,(089)970-2003,,,,,,,,,,,,,,,,,,,,,,,,,,,,,,,
382019,J000000025,愛媛県松山市,素鵞児童クラブ第１,ソガジドウクラブダイイチ,,放課後児童クラブ,382019,,愛媛県松山市小坂1丁目4番48号,愛媛県,松山市,小坂1,4-48,,33.83531528,132.7800889,,,,,(089)931-0999,,,,,,,,,,,,,,,,,,,,,,,,,,,,,,,
382019,J000000026,愛媛県松山市,素鵞児童クラブ第２,ソガジドウクラブダイニ,,放課後児童クラブ,382019,,愛媛県松山市小坂1丁目4番48号,愛媛県,松山市,小坂1,4-48,,33.83531528,132.7800889,,,,,(089)931-0998,,,,,,,,,,,,,,,,,,,,,,,,,,,,,,,
382019,J000000027,愛媛県松山市,久枝児童クラブ第１,ヒサエダジドウクラブダイイチ,,放課後児童クラブ,382019,,愛媛県松山市安城寺町586番地1,愛媛県,松山市,安城寺町,586-1,,33.87155573,132.7405872,,,,,(089)923-6999,,,,,,,,,,,,,,,,,,,,,,,,,,,,,,,
382019,J000000028,愛媛県松山市,久枝児童クラブ第２,ヒサエダジドウクラブダイニ,,放課後児童クラブ,382019,,愛媛県松山市安城寺町586番地1,愛媛県,松山市,安城寺町,586-1,,33.87155573,132.7405872,,,,,(089)925-4435,,,,,,,,,,,,,,,,,,,,,,,,,,,,,,,
382019,J000000029,愛媛県松山市,久枝児童クラブ第３,ヒサエダジドウクラブダイサン,,放課後児童クラブ,382019,,愛媛県松山市安城寺町586番地1,愛媛県,松山市,安城寺町,586-1,,33.87155573,132.7405872,,,,,(089)925-4455,,,,,,,,,,,,,,,,,,,,,,,,,,,,,,,
382019,J000000030,愛媛県松山市,道後児童クラブ第１,ドウゴジドウクラブダイイチ,,放課後児童クラブ,382019,,愛媛県松山市石手4丁目10番5号,愛媛県,松山市,石手4,10-5,,33.8453844,132.7917549,,,,,(089)947-0999,,,,,,,,,,,,,,,,,,,,,,,,,,,,,,,
382019,J000000031,愛媛県松山市,道後児童クラブ第２,ドウゴジドウクラブダイニ,,放課後児童クラブ,382019,,愛媛県松山市石手4丁目10番5号,愛媛県,松山市,石手4,10-5,,33.8453844,132.7917549,,,,,(089)941-0013,,,,,,,,,,,,,,,,,,,,,,,,,,,,,,,
382019,J000000032,愛媛県松山市,道後児童クラブ第３,ドウゴジドウクラブダイサン,,放課後児童クラブ,382019,,愛媛県松山市石手4丁目10番5号,愛媛県,松山市,石手4,10-5,,33.8453844,132.7917549,,,,,(089)947-0990,,,,,,,,,,,,,,,,,,,,,,,,,,,,,,,
382019,J000000033,愛媛県松山市,道後児童クラブ第４,ドウゴジドウクラブダイヨン,,放課後児童クラブ,382019,,愛媛県松山市石手4丁目10番5号,愛媛県,松山市,石手4,10-5,,33.8453844,132.7917549,,,,,(089)947-0991,,,,,,,,,,,,,,,,,,,,,,,,,,,,,,,
382019,J000000034,愛媛県松山市,久米児童クラブ第１,クメジドウクラブダイイチ,,放課後児童クラブ,382019,,愛媛県松山市鷹子町15番地1,愛媛県,松山市,鷹子町,15-1,,33.81073539,132.8067227,,,,,(089)970-0999,,,,,,,,,,,,,,,,,,,,,,,,,,,,,,,
382019,J000000035,愛媛県松山市,久米児童クラブ第２,クメジドウクラブダイニ,,放課後児童クラブ,382019,,愛媛県松山市鷹子町15番地1,愛媛県,松山市,鷹子町,15-1,,33.81073539,132.8067227,,,,,(089)970-0998,,,,,,,,,,,,,,,,,,,,,,,,,,,,,,,
382019,J000000036,愛媛県松山市,久米児童クラブ第３,クメジドウクラブダイサン,,放課後児童クラブ,382019,,愛媛県松山市鷹子町15番地1,愛媛県,松山市,鷹子町,15-1,,33.81073539,132.8067227,,,,,(089)970-0992,,,,,,,,,,,,,,,,,,,,,,,,,,,,,,,
382019,J000000037,愛媛県松山市,久米児童クラブ第４,クメジドウクラブダイヨン,,放課後児童クラブ,382019,,愛媛県松山市鷹子町15番地1,愛媛県,松山市,鷹子町,15-1,,33.81073539,132.8067227,,,,,(089)970-1051,,,,,,,,,,,,,,,,,,,,,,,,,,,,,,,
382019,J000000038,愛媛県松山市,石井児童クラブ第１,イシイジドウクラブダイイチ,,放課後児童クラブ,382019,,愛媛県松山市東石井6丁目8番52号,愛媛県,松山市,東石井6,8-52,,33.8110435,132.7767725,,,,,(089)958-8999,,,,,,,,,,,,,,,,,,,,,,,,,,,,,,,
382019,J000000039,愛媛県松山市,石井児童クラブ第２,イシイジドウクラブダイニ,,放課後児童クラブ,382019,,愛媛県松山市東石井6丁目8番52号,愛媛県,松山市,東石井6,8-52,,33.8110435,132.7767725,,,,,(089)958-8999,,,,,,,,,,,,,,,,,,,,,,,,,,,,,,,
382019,J000000040,愛媛県松山市,石井児童クラブ第３,イシイジドウクラブダイサン,,放課後児童クラブ,382019,,愛媛県松山市東石井6丁目8番52号,愛媛県,松山市,東石井6,8-52,,33.8110435,132.7767725,,,,,(089)956-2622,,,,,,,,,,,,,,,,,,,,,,,,,,,,,,,
382019,J000000041,愛媛県松山市,双葉児童クラブ第１,フタバジドウクラブダイイチ,,放課後児童クラブ,382019,,愛媛県松山市土居田町123番地3,愛媛県,松山市,土居田町,123-3,,33.82347137,132.7524119,,,,,(089)932-6870,,,,,,,,,,,,,,,,,,,,,,,,,,,,,,,
382019,J000000042,愛媛県松山市,双葉児童クラブ第２,フタバジドウクラブダイニ,,放課後児童クラブ,382019,,愛媛県松山市土居田町123番地3,愛媛県,松山市,土居田町,123-3,,33.82347137,132.7524119,,,,,(089)921-0015,,,,,,,,,,,,,,,,,,,,,,,,,,,,,,,
382019,J000000043,愛媛県松山市,味酒児童クラブ第１,ミサケジドウクラブダイイチ,,放課後児童クラブ,382019,,愛媛県松山市宮西2丁目2番21号,愛媛県,松山市,宮西2,2-21,,33.84764624,132.7526377,,,,,(089)923-8999,,,,,,,,,,,,,,,,,,,,,,,,,,,,,,,
382019,J000000044,愛媛県松山市,味酒児童クラブ第２,ミサケジドウクラブダイニ,,放課後児童クラブ,382019,,愛媛県松山市宮西2丁目2番21号,愛媛県,松山市,宮西2,2-21,,33.84764624,132.7526377,,,,,(089)923-9002,,,,,,,,,,,,,,,,,,,,,,,,,,,,,,,
382019,J000000045,愛媛県松山市,味酒児童クラブ第３,ミサケジドウクラブダイサン,,放課後児童クラブ,382019,,愛媛県松山市宮西2丁目2番21号,愛媛県,松山市,宮西2,2-21,,33.84764624,132.7526377,,,,,(089)923-8997,,,,,,,,,,,,,,,,,,,,,,,,,,,,,,,
382019,J000000046,愛媛県松山市,味酒児童クラブ第４,ミサケジドウクラブダイヨン,,放課後児童クラブ,382019,,愛媛県松山市宮西2丁目2番21号,愛媛県,松山市,宮西2,2-21,,33.84764624,132.7526377,,,,,(089)923-8999,,,,,,,,,,,,,,,,,,,,,,,,,,,,,,,
382019,J000000047,愛媛県松山市,清水児童クラブ,シミズジドウクラブ,,放課後児童クラブ,382019,,愛媛県松山市清水町3丁目15番地,愛媛県,松山市,清水町3,15,,33.85222887,132.7677536,,,,,(089)923-7999,,,,,,,,,,,,,,,,,,,,,,,,,,,,,,,
382019,J000000048,愛媛県松山市,生石児童クラブ第１,ショウセキジドウクラブダイイチ,,放課後児童クラブ,382019,,愛媛県松山市高岡町630番地の3,愛媛県,松山市,高岡町,630-3,,33.83165021,132.7160888,,,,,(089)972-0070,,,,,,,,,,,,,,,,,,,,,,,,,,,,,,,
382019,J000000049,愛媛県松山市,生石児童クラブ第２,ショウセキジドウクラブダイニ,,放課後児童クラブ,382019,,愛媛県松山市高岡町630番地の3,愛媛県,松山市,高岡町,630-3,,33.83165021,132.7160888,,,,,(089)972-0070,,,,,,,,,,,,,,,,,,,,,,,,,,,,,,,
382019,J000000050,愛媛県松山市,生石児童クラブ第３,ショウセキジドウクラブダイサン,,放課後児童クラブ,382019,,愛媛県松山市高岡町630番地の3,愛媛県,松山市,高岡町,630-3,,33.83165021,132.7160888,,,,,(089)974-2356,,,,,,,,,,,,,,,,,,,,,,,,,,,,,,,
382019,J000000051,愛媛県松山市,生石児童クラブ第４,ショウセキジドウクラブダイヨン,,放課後児童クラブ,382019,,愛媛県松山市高岡町630番地の3,愛媛県,松山市,高岡町,630-3,,33.83165021,132.7160888,,,,,(089)974-2356,,,,,,,,,,,,,,,,,,,,,,,,,,,,,,,
382019,J000000052,愛媛県松山市,生石児童クラブ第５,ショウセキジドウクラブダイゴ,,放課後児童クラブ,382019,,愛媛県松山市高岡町630番地の3,愛媛県,松山市,高岡町,630-3,,33.83165021,132.7160888,,,,,(089)974-1999,,,,,,,,,,,,,,,,,,,,,,,,,,,,,,,
382019,J000000053,愛媛県松山市,余土児童クラブ第１,ヨドジドウクラブダイイチ,,放課後児童クラブ,382019,,愛媛県松山市余戸東4丁目1番19号,愛媛県,松山市,余戸東4,1-19,,33.81637,132.73631,,,,,(089)971-4999,,,,,,,,,,,,,,,,,,,,,,,,,,,,,,,
382019,J000000054,愛媛県松山市,余土児童クラブ第２,ヨドジドウクラブダイニ,,放課後児童クラブ,382019,,愛媛県松山市余戸東4丁目1番19号,愛媛県,松山市,余戸東4,1-19,,33.81637,132.73631,,,,,(089)971-5233,,,,,,,,,,,,,,,,,,,,,,,,,,,,,,,
382019,J000000055,愛媛県松山市,余土児童クラブ第３,ヨドジドウクラブダイサン,,放課後児童クラブ,382019,,愛媛県松山市余戸東4丁目1番19号,愛媛県,松山市,余戸東4,1-19,,33.81637,132.73631,,,,,(089)971-5234,,,,,,,,,,,,,,,,,,,,,,,,,,,,,,,
382019,J000000056,愛媛県松山市,石井北児童クラブ第１,イシイキタジドウクラブダイイチ,,放課後児童クラブ,382019,,愛媛県松山市和泉南1丁目3番32号,愛媛県,松山市,和泉南1,3-32,,33.81900761,132.7677157,,,,,(089)958-5999,,,,,,,,,,,,,,,,,,,,,,,,,,,,,,,
382019,J000000057,愛媛県松山市,石井北児童クラブ第２,イシイキタジドウクラブダイニ,,放課後児童クラブ,382019,,愛媛県松山市和泉南1丁目3番32号,愛媛県,松山市,和泉南1,3-32,,33.81900761,132.7677157,,,,,(089)958-5999,,,,,,,,,,,,,,,,,,,,,,,,,,,,,,,
382019,J000000058,愛媛県松山市,石井北児童クラブ第３,イシイキタジドウクラブダイサン,,放課後児童クラブ,382019,,愛媛県松山市和泉南1丁目3番32号,愛媛県,松山市,和泉南1,3-32,,33.81900761,132.7677157,,,,,(089)958-6005,,,,,,,,,,,,,,,,,,,,,,,,,,,,,,,
382019,J000000059,愛媛県松山市,石井北児童クラブ第４,イシイキタジドウクラブダイヨン,,放課後児童クラブ,382019,,愛媛県松山市和泉南1丁目3番32号,愛媛県,松山市,和泉南1,3-32,,33.81900761,132.7677157,,,,,(089)958-6011,,,,,,,,,,,,,,,,,,,,,,,,,,,,,,,
382019,J000000060,愛媛県松山市,宮前児童クラブ第１,ミヤマエジドウクラブダイイチ,,放課後児童クラブ,382019,,愛媛県松山市祓川2丁目5-8,愛媛県,松山市,祓川2,5-8,,33.85979609,132.71983721,,,,,(089)951-4711,,,,,,,,,,,,,,,,,,,,,,,,,,,,,,,
382019,J000000061,愛媛県松山市,宮前児童クラブ第２,ミヤマエジドウクラブダイニ,,放課後児童クラブ,382019,,愛媛県松山市祓川1丁目3-39,愛媛県,松山市,祓川1,3-39,,33.85943844,132.7205871,,,,,(089)951-0056,,,,,,,,,,,,,,,,,,,,,,,,,,,,,,,
382019,J000000062,愛媛県松山市,宮前児童クラブ第３,ミヤマエジドウクラブダイサン,,放課後児童クラブ,382019,,祓愛媛県松山祓川1丁目3-39,愛媛県,松山市,祓川1,3-39,,33.85943844,132.7205871,,,,,(089)951-0061,,,,,,,,,,,,,,,,,,,,,,,,,,,,,,,
382019,J000000063,愛媛県松山市,湯築児童クラブ第１,ユヅキジドウクラブダイイチ,,放課後児童クラブ,382019,,愛媛県松山市道後北代10番41号,愛媛県,松山市,道後北代,10-41,,33.85379425,132.7774372,,,,,(089)927-5211,,,,,,,,,,,,,,,,,,,,,,,,,,,,,,,
382019,J000000064,愛媛県松山市,湯築児童クラブ第２,ユヅキジドウクラブダイニ,,放課後児童クラブ,382019,,愛媛県松山市道後北代10番41号,愛媛県,松山市,道後北代,10-41,,33.85379425,132.7774372,,,,,(089)925-0037,,,,,,,,,,,,,,,,,,,,,,,,,,,,,,,
382019,J000000065,愛媛県松山市,湯築児童クラブ第３,ユヅキジドウクラブダイサン,,放課後児童クラブ,382019,,愛媛県松山市道後北代10番41号,愛媛県,松山市,道後北代,10-41,,33.85379425,132.7774372,,,,,(089)925-0122,,,,,,,,,,,,,,,,,,,,,,,,,,,,,,,
382019,J000000066,愛媛県松山市,窪田児童クラブ,クボタジドウクラブ,,放課後児童クラブ,382019,,愛媛県松山市久米窪田町307番地,愛媛県,松山市,久米窪田町,307,,33.80140515,132.8149312,,,,,(089)970-2011,,,,,,,,,,,,,,,,,,,,,,,,,,,,,,,
382019,J000000067,愛媛県松山市,堀江児童クラブ第１,ホリエジドウクラブダイイチ,,放課後児童クラブ,382019,,愛媛県松山市福角町甲1280番地5,愛媛県,松山市,福角町,甲1280-5,,33.90190941,132.7591761,,,,,(089)979-4311,,,,,,,,,,,,,,,,,,,,,,,,,,,,,,,
382019,J000000068,愛媛県松山市,堀江児童クラブ第２,ホリエジドウクラブダイニ,,放課後児童クラブ,382019,,愛媛県松山市福角町甲1409番地2,愛媛県,松山市,福角町,甲1409-2,,33.90137454,132.7583156,,,,,(089)978-0045,,,,,,,,,,,,,,,,,,,,,,,,,,,,,,,
382019,J000000069,愛媛県松山市,潮見児童クラブ第１,シオミジドウクラブダイイチ,,放課後児童クラブ,382019,,愛媛県松山市吉藤4丁目4番28号,愛媛県,松山市,吉藤4,4-28,,33.87463501,132.7550042,,,,,(089)924-1628,,,,,,,,,,,,,,,,,,,,,,,,,,,,,,,
382019,J000000070,愛媛県松山市,潮見児童クラブ第２,シオミジドウクラブダイニ,,放課後児童クラブ,382019,,愛媛県松山市吉藤4丁目4番28号,愛媛県,松山市,吉藤4,4-28,,33.87463501,132.7550042,,,,,(089)924-1648,,,,,,,,,,,,,,,,,,,,,,,,,,,,,,,
382019,J000000071,愛媛県松山市,潮見児童クラブ第３,シオミジドウクラブダイサン,,放課後児童クラブ,382019,,愛媛県松山市吉藤4丁目4番28号,愛媛県,松山市,吉藤4,4-28,,33.87463501,132.7550042,,,,,(089)922-0511,,,,,,,,,,,,,,,,,,,,,,,,,,,,,,,
382019,J000000072,愛媛県松山市,和気児童クラブ第１,ワケジドウクラブダイイチ,,放課後児童クラブ,382019,,愛媛県松山市太山寺町1111の1,愛媛県,松山市,太山寺町,1111-1,,33.88971756,132.7329426,,,,,(089)979-6711,,,,,,,,,,,,,,,,,,,,,,,,,,,,,,,
382019,J000000073,愛媛県松山市,和気児童クラブ第２,ワケジドウクラブダイニ,,放課後児童クラブ,382019,,愛媛県松山市太山寺町1111の1,愛媛県,松山市,太山寺町,1111-1,,33.88971756,132.7329426,,,,,(089)979-6713,,,,,,,,,,,,,,,,,,,,,,,,,,,,,,,
382019,J000000074,愛媛県松山市,姫山児童クラブ第１,ヒメヤマジドウクラブダイイチ,,放課後児童クラブ,382019,,愛媛県松山市姫原1丁目3番13号,愛媛県,松山市,姫原1,3-13,,33.8651072,132.7639219,,,,,(089)927-4611,,,,,,,,,,,,,,,,,,,,,,,,,,,,,,,
382019,J000000075,愛媛県松山市,姫山児童クラブ第２,ヒメヤマジドウクラブダイニ,,放課後児童クラブ,382019,,愛媛県松山市山越3丁目800番地,愛媛県,松山市,山越3,800,,33.86341591,132.7637945,,,,,(089)927-2002,,,,,,,,,,,,,,,,,,,,,,,,,,,,,,,
382019,J000000076,愛媛県松山市,味生児童クラブ第１,ミブジドウクラブダイイチ,,放課後児童クラブ,382019,,愛媛県松山市別府町166番地の4,愛媛県,松山市,別府町,166-4,,33.84437754,132.7249714,,,,,(089)951-6173,,,,,,,,,,,,,,,,,,,,,,,,,,,,,,,
382019,J000000077,愛媛県松山市,味生児童クラブ第２,ミブジドウクラブダイニ,,放課後児童クラブ,382019,,愛媛県松山市別府町166番地の4,愛媛県,松山市,別府町,166-4,,33.84437754,132.7249714,,,,,(089)951-6522,,,,,,,,,,,,,,,,,,,,,,,,,,,,,,,
382019,J000000078,愛媛県松山市,味生児童クラブ第３,ミブジドウクラブダイサン,,放課後児童クラブ,382019,,愛媛県松山市別府町166番地の4,愛媛県,松山市,別府町,166-4,,33.84437754,132.7249714,,,,,(089)951-6177,,,,,,,,,,,,,,,,,,,,,,,,,,,,,,,
382019,J000000079,愛媛県松山市,味生児童クラブ第４,ミブジドウクラブダイヨン,,放課後児童クラブ,382019,,愛媛県松山市別府町166番地の4,愛媛県,松山市,別府町,166-4,,33.84437754,132.7249714,,,,,(089)951-0038,,,,,,,,,,,,,,,,,,,,,,,,,,,,,,,
382019,J000000080,愛媛県松山市,味生児童クラブ第５,ミブジドウクラブダイゴ,,放課後児童クラブ,382019,,愛媛県松山市別府町166番地の4,愛媛県,松山市,別府町,166-4,,33.84437754,132.7249714,,,,,(089)951-6511,,,,,,,,,,,,,,,,,,,,,,,,,,,,,,,
382019,J000000081,愛媛県松山市,垣生児童クラブ第１,ハブジドウクラブダイイチ,,放課後児童クラブ,382019,,愛媛県松山市西垣生町730番地の1,愛媛県,松山市,西垣生町,730-1,,33.81390863,132.7053558,,,,,(089)973-0613,,,,,,,,,,,,,,,,,,,,,,,,,,,,,,,
382019,J000000082,愛媛県松山市,垣生児童クラブ第２,ハブジドウクラブダイニ,,放課後児童クラブ,382019,,愛媛県松山市西垣生町730番地の1,愛媛県,松山市,西垣生町,730-1,,33.81390863,132.7053558,,,,,(089)973-0641,,,,,,,,,,,,,,,,,,,,,,,,,,,,,,,
382019,J000000083,愛媛県松山市,垣生児童クラブ第３,ハブジドウクラブダイサン,,放課後児童クラブ,382019,,愛媛県松山市西垣生町730番地の1,愛媛県,松山市,西垣生町,730-1,,33.81390863,132.7053558,,,,,(089)973-2622,,,,,,,,,,,,,,,,,,,,,,,,,,,,,,,
382019,J000000084,愛媛県松山市,垣生児童クラブ第４,ハブジドウクラブダイヨン,,放課後児童クラブ,382019,,愛媛県松山市西垣生町730番地の1,愛媛県,松山市,西垣生町,730-1,,33.81390863,132.7053558,,,,,(089)973-2623,,,,,,,,,,,,,,,,,,,,,,,,,,,,,,,
382019,J000000085,愛媛県松山市,湯山児童クラブ第１,ユヤマジドウクラブダイイチ,,放課後児童クラブ,382019,,愛媛県松山市食場町甲128番地,愛媛県,松山市,食場町,甲128,,33.86078759,132.8142391,,,,,(089)977-9676,,,,,,,,,,,,,,,,,,,,,,,,,,,,,,,
382019,J000000086,愛媛県松山市,湯山児童クラブ第２,ユヤマジドウクラブダイニ,,放課後児童クラブ,382019,,愛媛県松山市食場町甲128番地,愛媛県,松山市,食場町,甲128,,33.86078759,132.8142391,,,,,(089)977-9681,,,,,,,,,,,,,,,,,,,,,,,,,,,,,,,
382019,J000000087,愛媛県松山市,湯山児童クラブ第３,ユヤマジドウクラブダイサン,,放課後児童クラブ,382019,,愛媛県松山市食場町甲128番地,愛媛県,松山市,食場町,甲128,,33.86078759,132.8142391,,,,,(089)977-9673,,,,,,,,,,,,,,,,,,,,,,,,,,,,,,,
382019,J000000088,愛媛県松山市,味生第二児童クラブA,ミブダイニジドウクラブエー,,放課後児童クラブ,382019,,愛媛県松山市別府町3番地1,愛媛県,松山市,別府町,3-1,,33.84396433,132.7285555,,,,,(089)952-2065,,,,,,,,,,,,,,,,,,,,,,,,,,,,,,,
382019,J000000089,愛媛県松山市,味生第二児童クラブB,ミブダイニジドウクラブビー,,放課後児童クラブ,382019,,愛媛県松山市別府町3番地1,愛媛県,松山市,別府町,3-1,,33.84396433,132.7285555,,,,,(089)952-6667,,,,,,,,,,,,,,,,,,,,,,,,,,,,,,,
382019,J000000090,愛媛県松山市,味生第二児童クラブＣ,ミブダイニジドウクラブシー,,放課後児童クラブ,382019,,愛媛県松山市別府町177番地1,愛媛県,松山市,別府町,177-1,,33.84282586,132.72601234,,,,,(089)953-5055,,,,,,,,,,,,,,,,,,,,,,,,,,,,,,,
382019,J000000091,愛媛県松山市,椿児童クラブ第１,ツバキジドウクラブダイイチ,,放課後児童クラブ,382019,,愛媛県松山市古川北3丁目8番20号,愛媛県,松山市,古川北3,8-20,,33.81108685,132.764584,,,,,(089)957-0321,,,,,,,,,,,,,,,,,,,,,,,,,,,,,,,
382019,J000000092,愛媛県松山市,椿児童クラブ第２,ツバキジドウクラブダイニ,,放課後児童クラブ,382019,,愛媛県松山市和泉南6丁目1番47号,愛媛県,松山市,和泉南6,1-47,,33.81126827,132.7600051,,,,,(089)957-1431,,,,,,,,,,,,,,,,,,,,,,,,,,,,,,,
382019,J000000093,愛媛県松山市,椿児童クラブ第３,ツバキジドウクラブダイサン,,放課後児童クラブ,382019,,愛媛県松山市和泉南6丁目1番47号,愛媛県,松山市,和泉南6,1-47,,33.81126827,132.7600051,,,,,(089)957-1466,,,,,,,,,,,,,,,,,,,,,,,,,,,,,,,
382019,J000000094,愛媛県松山市,椿児童クラブ第４,ツバキジドウクラブダイヨン,,放課後児童クラブ,382019,,愛媛県松山市和泉南6丁目1番47号,愛媛県,松山市,和泉南6,1-47,,33.81126827,132.7600051,,,,,(089)957-1468,,,,,,,,,,,,,,,,,,,,,,,,,,,,,,,
382019,J000000095,愛媛県松山市,浮穴児童クラブ第１,ウケナジドウクラブダイイチ,,放課後児童クラブ,382019,,愛媛県松山市森松町850番地,愛媛県,松山市,森松町,850,,33.79379551,132.7967017,,,,,(089)975-8430,,,,,,,,,,,,,,,,,,,,,,,,,,,,,,,
382019,J000000096,愛媛県松山市,浮穴児童クラブ第２,ウケナジドウクラブダイニ,,放課後児童クラブ,382019,,愛媛県松山市森松町832番地,愛媛県,松山市,森松町,832,,33.79229208,132.7988805,,,,,(089)976-0074,,,,,,,,,,,,,,,,,,,,,,,,,,,,,,,
382019,J000000097,愛媛県松山市,さくら児童クラブ第１,サクラジドウクラブダイイチ,,放課後児童クラブ,382019,,愛媛県松山市余戸中4丁目11-1,愛媛県,松山市,余戸中4,11-1,,33.81816473,132.7283923,,,,,(089)971-5849,,,,,,,,,,,,,,,,,,,,,,,,,,,,,,,
382019,J000000098,愛媛県松山市,さくら児童クラブ第２,サクラジドウクラブダイニ,,放課後児童クラブ,382019,,愛媛県松山市余戸中4丁目11-1,愛媛県,松山市,余戸中4,11-1,,33.81816473,132.7283923,,,,,(089)971-5849,,,,,,,,,,,,,,,,,,,,,,,,,,,,,,,
382019,J000000099,愛媛県松山市,さくら児童クラブ第３,サクラジドウクラブダイサン,,放課後児童クラブ,382019,,愛媛県松山市余戸中4丁目11-1,愛媛県,松山市,余戸中4,11-1,,33.81816473,132.7283923,,,,,(089)971-0303,,,,,,,,,,,,,,,,,,,,,,,,,,,,,,,
382019,J000000100,愛媛県松山市,福音児童クラブ第１,フクオンジドウクラブダイイチ,,放課後児童クラブ,382019,,愛媛県松山市福音寺町355番地1,愛媛県,松山市,福音寺町,355-1,,33.8212114,132.7910048,,,,,(089)970-0980,,,,,,,,,,,,,,,,,,,,,,,,,,,,,,,
382019,J000000101,愛媛県松山市,福音児童クラブ第２,フクオンジドウクラブダイニ,,放課後児童クラブ,382019,,愛媛県松山市福音寺町355番地1,愛媛県,松山市,福音寺町,355-1,,33.8212114,132.7910048,,,,,(089)970-1120,,,,,,,,,,,,,,,,,,,,,,,,,,,,,,,
382019,J000000102,愛媛県松山市,高浜児童クラブ第１,タカハマジドウクラブダイイチ,,放課後児童クラブ,382019,,愛媛県松山市梅津寺町1352番地2,愛媛県,松山市,梅津寺町,1352-2,,33.87614107,132.7081991,,,,,(089)951-1300,,,,,,,,,,,,,,,,,,,,,,,,,,,,,,,
382019,J000000103,愛媛県松山市,高浜児童クラブ第２,タカハマジドウクラブダイニ,,放課後児童クラブ,382019,,愛媛県松山市梅津寺町1352番地2,愛媛県,松山市,梅津寺町,1352-2,,33.87614107,132.7081991,,,,,(089)951-1300,,,,,,,,,,,,,,,,,,,,,,,,,,,,,,,
382019,J000000104,愛媛県松山市,伊台児童クラブ第１,イダイジドウクラブダイイチ,,放課後児童クラブ,382019,,愛媛県松山市下伊台町1438番地の1,愛媛県,松山市,下伊台町,1438-1,,33.87894049,132.7982318,,,,,(089)977-1662,,,,,,,,,,,,,,,,,,,,,,,,,,,,,,,
382019,J000000105,愛媛県松山市,伊台児童クラブ第２,イダイジドウクラブダイニ,,放課後児童クラブ,382019,,愛媛県松山市下伊台町1438番地の1,愛媛県,松山市,下伊台町,1438-1,,33.87894049,132.7982318,,,,,(089)977-1662,,,,,,,,,,,,,,,,,,,,,,,,,,,,,,,
382019,J000000106,愛媛県松山市,荏原児童クラブ第１,エバラジドウクラブダイイチ,,放課後児童クラブ,382019,,愛媛県松山市東方町甲1493番地1,愛媛県,松山市,東方町,甲1493-1,,33.76863164,132.8167414,,,,,(089)963-2335,,,,,,,,,,,,,,,,,,,,,,,,,,,,,,,
382019,J000000107,愛媛県松山市,荏原児童クラブ第２,エバラジドウクラブダイニ,,放課後児童クラブ,382019,,愛媛県松山市東方町甲1245番地,愛媛県,松山市,東方町,甲1245,,33.76896902,132.8186483,,,,,(089)963-1066,,,,,,,,,,,,,,,,,,,,,,,,,,,,,,,
382019,J000000108,愛媛県松山市,荏原児童クラブ第３,エバラジドウクラブダイサン,,放課後児童クラブ,382019,,愛媛県松山市東方町甲1245番地,愛媛県,松山市,東方町,甲1245,,33.76896902,132.8186483,,,,,(089)963-1066,,,,,,,,,,,,,,,,,,,,,,,,,,,,,,,
382019,J000000109,愛媛県松山市,桑原児童クラブ第１,クワバラジドウクラブダイイチ,,放課後児童クラブ,382019,,愛媛県松山市桑原3丁目7番27号,愛媛県,松山市,桑原3,7-27,,33.83565401,132.7938237,,,,,(089)943-1035,,,,,,,,,,,,,,,,,,,,,,,,,,,,,,,
382019,J000000110,愛媛県松山市,桑原児童クラブ第２,クワバラジドウクラブダイニ,,放課後児童クラブ,382019,,愛媛県松山市桑原3丁目7番27号,愛媛県,松山市,桑原3,7-27,,33.83565401,132.7938237,,,,,(089)943-1035,,,,,,,,,,,,,,,,,,,,,,,,,,,,,,,
382019,J000000111,愛媛県松山市,桑原児童クラブ第３,クワバラジドウクラブダイサン,,放課後児童クラブ,382019,,愛媛県松山市桑原3丁目7番27号,愛媛県,松山市,桑原3,7-27,,33.83565401,132.7938237,,,,,(089)943-1051,,,,,,,,,,,,,,,,,,,,,,,,,,,,,,,
382019,J000000112,愛媛県松山市,桑原児童クラブ第４,クワバラジドウクラブダイヨン,,放課後児童クラブ,382019,,愛媛県松山市桑原3丁目7番27号,愛媛県,松山市,桑原3,7-27,,33.83565401,132.7938237,,,,,(089)943-1051,,,,,,,,,,,,,,,,,,,,,,,,,,,,,,,
382019,J000000113,愛媛県松山市,じどう児童クラブ,ジドウジドウクラブ,,放課後児童クラブ,382019,,愛媛県松山市下難波甲816番地,愛媛県,松山市,下難波,甲816,,33.98687258,132.7892323,,,,,(089)992-0792,,,,,,,,,,,,,,,,,,,,,,,,,,,,,,,
382019,J000000114,愛媛県松山市,北条児童クラブ第１,ホウジョウジドウクラブダイイチ,,放課後児童クラブ,382019,,愛媛県松山市北条辻64番地,愛媛県,松山市,北条辻,64,,33.97492806,132.7790789,,,,,(089)992-5128,,,,,,,,,,,,,,,,,,,,,,,,,,,,,,,
382019,J000000115,愛媛県松山市,北条児童クラブ第２,ホウジョウジドウクラブダイニ,,放課後児童クラブ,382019,,愛媛県松山市北条辻64番地,愛媛県,松山市,北条辻,64,,33.97492806,132.7790789,,,,,(089)993-0033,,,,,,,,,,,,,,,,,,,,,,,,,,,,,,,
382019,J000000116,愛媛県松山市,河野児童クラブ第１,コウノジドウクラブダイイチ,,放課後児童クラブ,382019,,愛媛県松山市宮内甲9番地1,愛媛県,松山市,宮内,甲9-1,,33.95031689,132.7860727,,,,,(089)993-3445,,,,,,,,,,,,,,,,,,,,,,,,,,,,,,,
382019,J000000117,愛媛県松山市,河野児童クラブ第２,コウノジドウクラブダイニ,,放課後児童クラブ,382019,,愛媛県松山市宮内甲9番地1,愛媛県,松山市,宮内,甲9-1,,33.95031689,132.7860727,,,,,(089)993-3445,,,,,,,,,,,,,,,,,,,,,,,,,,,,,,,
382019,J000000118,愛媛県松山市,粟井児童クラブ第１,アワイジドウクラブダイイチ,,放課後児童クラブ,382019,,愛媛県松山市常竹甲100番地,愛媛県,松山市,常竹,甲100,,33.93438378,132.7758871,,,,,(089)994-2273,,,,,,,,,,,,,,,,,,,,,,,,,,,,,,,
382019,J000000119,愛媛県松山市,粟井児童クラブ第２,アワイジドウクラブダイニ,,放課後児童クラブ,382019,,愛媛県松山市常竹甲100番地,愛媛県,松山市,常竹,甲100,,33.93438378,132.7758871,,,,,(089)994-2444,,,,,,,,,,,,,,,,,,,,,,,,,,,,,,,
382019,J000000120,愛媛県松山市,八坂児童クラブ第１,ヤサカジドウクラブダイイチ,,放課後児童クラブ,382019,,愛媛県松山市湯渡町4番20号,愛媛県,松山市,湯渡町,4-20,,33.83993241,132.7819593,,,,,(089)913-1557,,,,,,,,,,,,,,,,,,,,,,,,,,,,,,,
382019,J000000121,愛媛県松山市,八坂児童クラブ第２,ヤサカジドウクラブダイニ,,放課後児童クラブ,382019,,愛媛県松山市湯渡町4番20号,愛媛県,松山市,湯渡町,4-20,,33.83993241,132.7819593,,,,,(089)913-1559,,,,,,,,,,,,,,,,,,,,,,,,,,,,,,,
382019,J000000122,愛媛県松山市,三津浜児童クラブ,ミツハマジドウクラブ,,放課後児童クラブ,382019,,愛媛県松山市三津3丁目2番30号,愛媛県,松山市,三津3,2-30,,33.86175426,132.714727,,,,,(089)952-7776,,,,,,,,,,,,,,,,,,,,,,,,,,,,,,,
382019,J000000123,愛媛県松山市,番町児童クラブ第１,バンチョウジドウクラブダイイチ,,放課後児童クラブ,382019,,愛媛県松山市二番町4丁目6-1,愛媛県,松山市,二番町4,6-1,,33.8397414,132.7664531,,,,,(089)941-1550,,,,,,,,,,,,,,,,,,,,,,,,,,,,,,,
382019,J000000124,愛媛県松山市,番町児童クラブ第２,バンチョウジドウクラブダイニ,,放課後児童クラブ,382019,,愛媛県松山市二番町4丁目6-1,愛媛県,松山市,二番町4,6-1,,33.8397414,132.7664531,,,,,(089)941-1553,,,,,,,,,,,,,,,,,,,,,,,,,,,,,,,
382019,J000000125,愛媛県松山市,キッズ☆デイサポート遊友学舎,キッズ デイサポートユウユウガクシャ,,放課後児童クラブ,382019,,愛媛県松山市桑原2丁目10-8,愛媛県,松山市,桑原2,10-8,,33.836073,132.792869,,,,,(089)904-1444,,,,,,,,,,,,,,,,,,,,,,,,,,,,,,,
382019,J000000126,愛媛県松山市,民間学童保育ベースg-kids,ミンカンガクドウホイクベースジーキッズ,,放課後児童クラブ,382019,,愛媛県松山市畑寺4-12-23,愛媛県,松山市,畑寺4,12-23,,33.826502,132.799121,,,,,(089)948-8837,,,,,,,,,,,,,,,,,,,,,,,,,,,,,,,
382019,J000000127,愛媛県松山市,放課後児童クラブ　ひまわり,ホウカゴジドウクラブ　ヒマワリ,,放課後児童クラブ,382019,,愛媛県松山市星岡2丁目22番7号,愛媛県,松山市,星岡2,22-7,,33.819496,132.783844,,,,,(089)958-2468,,,,,,,,,,,,,,,,,,,,,,,,,,,,,,,
382019,J000000128,愛媛県松山市,多機能学童保育広場すくっと　1st,タキノウガクドウホイクヒロバスクットファースト,,放課後児童クラブ,382019,,愛媛県松山市北立花町6-19,愛媛県,松山市,北立花町,6-19,,33.8346743,132.7720968,,,,,(089)950-4471,,,,,,,,,,,,,,,,,,,,,,,,,,,,,,,
382019,J000000129,愛媛県松山市,多機能学童保育広場すくっと　2nd,タキノウガクドウホイクヒロバスクットセカンド,,放課後児童クラブ,382019,,愛媛県松山市北立花町6-3,愛媛県,松山市,北立花町,6-3,,33.8345065,132.7720434,,,,,(089)950-4471,,,,,,,,,,,,,,,,,,,,,,,,,,,,,,,
382019,J000000130,愛媛県松山市,東松山学童保育,ヒガシマツヤマガクドウホイク,,放課後児童クラブ,382019,,愛媛県松山市久米窪田町394番地1,愛媛県,松山市,久米窪田町,394-1,,33.802883,132.811234,,,,,(089)976-2140,,,,,,,,,,,,,,,,,,,,,,,,,,,,,,,
382019,J000000131,愛媛県松山市,三葉幼稚園学童保育,ミツバヨウチエンガクドウホイク,,放課後児童クラブ,382019,,愛媛県松山市古三津5丁目5-10,愛媛県,松山市,古三津5,5-10,,33.85498,132.72771,,,,,(089)952-1777,,,,,,,,,,,,,,,,,,,,,,,,,,,,,,,
382019,J000000132,愛媛県松山市,白百合放課後児童クラブ　こひつじ組,シラユリホウカゴジドウクラブ　コヒツジグミ,,放課後児童クラブ,382019,,愛媛県松山市府中9-2,愛媛県,松山市,府中,9-2,,33.953159,132.769852,,,,,(089)993-1888,,,,,,,,,,,,,,,,,,,,,,,,,,,,,,,
382019,J000000133,愛媛県松山市,こどものおうち　プティパ,コドモノオウチ　プティパ,,放課後児童クラブ,382019,,愛媛県松山市居相2丁目7番11号,愛媛県,松山市,居相2,7-11,,33.8111827,132.7715511,,,,,(089)906-1791,,,,,,,,,,,,,,,,,,,,,,,,,,,,,,,
382019,J000000134,愛媛県松山市,立花こども園　立花キッズクラブ　,タチバナコドモエン　タチバナキッズクラブ,,放課後児童クラブ,382019,,愛媛県松山市立花5丁目6番35号,愛媛県,松山市,立花5,6-35,,33.8277732,132.770218,,,,,(089)931-8492,,,,,,,,,,,,,,,,,,,,,,,,,,,,,,,
382019,J000000135,愛媛県松山市,きしっ子児童クラブ,キシッコジドウクラブ,,放課後児童クラブ,382019,,愛媛県松山市来住町1427-9,愛媛県,松山市,来住町,1427-9,,33.8071603,132.7946264,,,,,(089)975-5317,,,,,,,,,,,,,,,,,,,,,,,,,,,,,,,
382019,J000000136,愛媛県松山市,教育付き放課後児童クラブ　Jackキッズ枝松,キョウイクツキホウカゴジドウクラブ　ジャックキッズエダマツ,,放課後児童クラブ,382019,,愛媛県松山市枝松6丁目7-12-6,愛媛県,松山市,枝松6,7-12-6,,33.8251925,132.7857965,,,,,(089)931-0022,,,,,,,,,,,,,,,,,,,,,,,,,,,,,,,
382019,J000000137,愛媛県松山市,教育付き放課後児童クラブ　Jackキッズ余戸,キョウイクツキホウカゴジドウクラブ　ジャックキッズヨウゴ,,放課後児童クラブ,382019,,愛媛県松山市余戸南2丁目19-33,愛媛県,松山市,余戸南2,19-33,,33.8094559,132.7334568,,,,,(089)965-3300,,,,,,,,,,,,,,,,,,,,,,,,,,,,,,,
382019,K000000001,愛媛県松山市,松山市中央児童センター,マツヤマシチュウオウジドウセンター,,児童館,382019,,愛媛県松山市若草町8番地3,愛媛県,松山市,若草町,8-3,,33.84679644,132.7616022,,,,,(089)933-9311,,,,,,,,,,,,,,,,,,,,,,,,,,,,,,,
382019,K000000002,愛媛県松山市,松山市南部児童センター,マツヤマシナンブジドウセンター,,児童館,382019,,愛媛県松山市古川北3丁目8番20号,愛媛県,松山市,古川北3,8-20,,33.81107486,132.764759,,,,,(089)969-1005,,,,,,,,,,,,,,,,,,,,,,,,,,,,,,,
382019,K000000003,愛媛県松山市,松山市北条児童センター,マツヤマシホウジョウジドウセンター,,児童館,382019,,愛媛県松山市河野別府937番地,愛媛県,松山市,河野別府,937,,33.95787961,132.7818593,,,,,(089)992-9559,,,,,,,,,,,,,,,,,,,,,,,,,,,,,,,
382019,K000000004,愛媛県松山市,松山市新玉児童館,マツヤマシアラタマジドウカン,,児童館,382019,,愛媛県松山市三番町6丁目4番地20,愛媛県,松山市,三番町6,4-20,,33.83801048,132.7594883,,,,,(089)943-5801,,,,,,,,,,,,,,,,,,,,,,,,,,,,,,,
382019,K000000005,愛媛県松山市,松山市味生児童館,マツヤマシミブジドウカン,,児童館,382019,,愛媛県松山市別府町177番地1,愛媛県,松山市,別府町,177-1,,33.84384582,132.7260866,,,,,(089)953-5051,,,,,,,,,,,,,,,,,,,,,,,,,,,,,,,
382019,K000000006,愛媛県松山市,松山市久米児童館,マツヤマシクメジドウカン,,児童館,382019,,愛媛県松山市鷹子町4番地4,愛媛県,松山市,鷹子町,4-4,,33.81008524,132.8061835,,,,,(089)970-0907,,,,,,,,,,,,,,,,,,,,,,,,,,,,,,,
382019,K000000007,愛媛県松山市,松山市久枝児童館,マツヤマシヒサエダジドウカン,,児童館,382019,,愛媛県松山市西長戸町638番地1,愛媛県,松山市,西長戸町,638-1,,33.8691191,132.737499,,,,,(089)922-3800,,,,,,,,,,,,,,,,,,,,,,,,,,,,,,,
382019,K000000008,愛媛県松山市,松山市畑寺児童館,マツヤマシハタデラジドウカン,,児童館,382019,,愛媛県松山市畑寺4丁目8番5号,愛媛県,松山市,畑寺4,8-5,,33.8252426,132.8044415,,,,,(089)905-9614,,,,,,,,,,,,,,,,,,,,,,,,,,,,,,,
382019,M000000001,愛媛県松山市,カタリナ子育て支援ひろば　ぽけっと,カタリナコソダテシエンヒロバ　ポケット,,その他,382019,,愛媛県松山市北条660番地,愛媛県,松山市,北条,660,,33.9757267,132.7820540,,,,,(089)993-0750,,,,,,,,,,,,,,,,,,,,,,,,,,,,,,,
382019,M000000002,愛媛県松山市,しののめ広場　たんぽぽ,シノノメヒロバ　タンポポ,,その他,382019,,愛媛県松山市桑原3丁目2番1号,愛媛県,松山市,桑原3,2-1,,33.8323950,132.7964033,,,,,(090)3063-6417,,,,,,,,,,,,,,,,,,,,,,,,,,,,,,,
382019,M000000003,愛媛県松山市,子育てひろば　くーふぁん,コソダテヒロバ　クーファン,,その他,382019,,愛媛県松山市安城寺町571番地1,愛媛県,松山市,安城寺町,571-1,,33.8731654,132.7404688,,,,,(089)989-0390,,,,,,,,,,,,,,,,,,,,,,,,,,,,,,,
382019,M000000004,愛媛県松山市,子育てひろば　くりっぷ,コソダテヒロバ　クリップ,,その他,382019,,愛媛県松山市南吉田町596番地2,愛媛県,松山市,南吉田町,596-2,,33.8248920,132.7165044,,,,,(089)994-6922,,,,,,,,,,,,,,,,,,,,,,,,,,,,,,,
382019,M000000005,愛媛県松山市,子育てひろば　ToiToiToi,コソダテヒロバ　トイトイトイ,,その他,382019,,愛媛県松山市湊町7丁目5番地,愛媛県,松山市,湊町7,5,,33.8354172,132.7554749,,,,,(089)909-4540,,,,,,,,,,,,,,,,,,,,,,,,,,,,,,,
382019,M000000006,愛媛県松山市,子ども総合相談センター事務所「ほっとHOTひろば」,コドモソウゴウソウダンセンタージムショ　ホットホットヒロバ,,その他,382019,,愛媛県松山市萱町6丁目30番地5,愛媛県,松山市,萱町6,30-5,,33.8524213,132.7577640,,,,,(089)922-2399,,,,,,,,,,,,,,,,,,,,,,,,,,,,,,,
