分類,名称,所在地,備考,X,Y
学校,双葉小学校,松山市土居田町123-3, ,132.7524119,33.82347137
学校,雄郡小学校,松山市土橋町1, ,132.7576083,33.83165378
学校,伊台小学校,松山市下伊台町1438-1, ,132.7985354,33.87746812
学校,道後小学校,松山市石手4丁目10-5, ,132.7917549,33.8453844
学校,三津浜小学校,松山市梅田町2-42, ,132.7145307,33.85992471
学校,高浜小学校,松山市梅津寺町1352-2, ,132.7089354,33.87619557
学校,津和地小学校,松山市津和地1588,休校,132.5081638,33.9757841
学校,釣島分校,松山市泊町1465,休校,132.6376991,33.89452635
学校,荏原小学校,松山市東方町甲1245,,132.8174958,33.76858866
学校,天谷小学校,松山市吉木甲77番地3,廃校・取壊し,132.5952311,33.97615417
学校,椿小学校,松山市和泉南6丁目1-47, ,132.7600051,33.81126827
学校,桑原小学校,松山市桑原3丁目7-27, ,132.792971,33.83544011
学校,清水小学校,松山市清水町3丁目15, ,132.7671159,33.8518891
学校,坂本小学校,松山市久谷町30,,132.825726,33.74936669
学校,中島東小学校,松山市中島大浦3021番地,廃校・取壊し,132.6271683,33.97406102
学校,生石小学校,松山市高岡町630-3, ,132.7160888,33.83165021
学校,番町小学校,松山市二番町4丁目6-1, ,132.7664531,33.8397414
学校,浅海小学校,松山市浅海本谷甲728, ,132.8031909,34.0093969
学校,潮見小学校,松山市吉藤4丁目7-13, ,132.7550042,33.87463501
学校,野忽那小学校,松山市野忽那甲1540-1,休校,132.689451,33.97549757
学校,垣生小学校,松山市西垣生町730-1, ,132.7053558,33.81390863
学校,久枝小学校,松山市安城寺町586-1, ,132.7405872,33.87155573
学校,日浦小学校,松山市河中町甲79-2, ,132.8715148,33.90027182
学校,八坂小学校,松山市湯渡町4-20, ,132.7819593,33.83993241
学校,余土小学校,松山市余戸東1丁目14-17, ,132.736499,33.8151642
学校,宮前小学校,松山市祓川1丁目3-39, ,132.7205871,33.85943844
学校,睦月小学校,松山市睦月甲1068-6,休校,132.6644918,33.95760884
学校,たちばな小学校,松山市針田町209-1, ,132.7342948,33.82368047
学校,中島南小学校,松山市宮野1651番地,廃校・取壊し,132.6125292,33.95715596
学校,泊小学校,松山市泊町618番地の1,廃校,132.6798004,33.88164374
学校,さくら小学校,松山市余戸中4丁目11-1, ,132.7284334,33.81832758
学校,愛媛大学教育学部附属小学校,松山市持田町1丁目5-22, ,132.7830465,33.84337457
学校,難波小学校,松山市中通甲807-1, ,132.7942151,33.9830475
学校,姫山小学校,松山市山越3丁目800, ,132.7629213,33.86358594
学校,北久米小学校,松山市福音寺町9, ,132.7984092,33.82049342
学校,由良小学校,松山市由良町873-1,廃校・取壊し,132.6800185,33.90447416
学校,味酒小学校,松山市宮西2丁目2-21, ,132.7526377,33.84764624
学校,素鵞小学校,松山市小坂1丁目4-48, ,132.7800889,33.83531528
学校,北条小学校,松山市北条辻64, ,132.7790789,33.97492806
学校,二神小学校,松山市二神甲227,休校,132.5446714,33.93513373
学校,河野小学校,松山市宮内甲9-1, ,132.7855447,33.95034988
学校,五明小学校,松山市菅沢町乙45-4, ,132.8189122,33.90321009
学校,湯築小学校,松山市道後北代10-41, ,132.7774372,33.85379425
学校,久米小学校,松山市鷹子町15-1, ,132.8067227,33.81073539
学校,浮穴小学校,松山市森松町832, ,132.7973917,33.79250067
学校,新玉小学校,松山市千舟町8丁目89, ,132.7536353,33.83641646
学校,みどり小学校,松山市西長戸町493-2, ,132.7389406,33.86612707
学校,小野小学校,松山市平井町3673, ,132.8379282,33.80767327
学校,和気小学校,松山市太山寺町671-3, ,132.7329426,33.88971756
学校,福音小学校,松山市福音寺町355-1, ,132.7910048,33.8212114
学校,粟井小学校,松山市常竹甲100, ,132.7758871,33.93438378
学校,窪田小学校,松山市久米窪田町307, ,132.8152845,33.80133053
学校,味生第二小学校,松山市別府町3-1, ,132.7285555,33.84396433
学校,味生小学校,松山市別府町166-4, ,132.7249714,33.84437754
学校,正岡小学校,松山市八反地甲160, ,132.793919,33.97059903
学校,東雲小学校,松山市文京町2-1, ,132.7747433,33.84970342
学校,石井東小学校,松山市越智1丁目3-35, ,132.786736,33.80805729
学校,堀江小学校,松山市福角町甲1409-2, ,132.7580712,33.90216966
学校,立岩小学校,松山市猿川原甲49, ,132.8363029,33.97601359
学校,湯山小学校,松山市食場町甲128, ,132.8142391,33.86078759
学校,石井小学校,松山市東石井6丁目8-52, ,132.7767725,33.8110435
学校,石井北小学校,松山市和泉南1丁目3-32, ,132.7677157,33.81900761
学校,怒和小学校,松山市元怒和甲8-2,休校,132.5487737,33.97371137
学校,桑原中学校,松山市畑寺町丙238-28, ,132.8056659,33.83663277
学校,県立松山西中等教育学校,松山市久万ﾉ台1485-4,中高一貫校,132.7378713,33.86088123
学校,雄新中学校,松山市土居田町1, ,132.7538278,33.82468398
学校,北中学校,松山市太山寺町491-1, ,132.7349383,33.88347649
学校,勝山中学校,松山市清水町3丁目148-2, ,132.7643176,33.85196582
学校,拓南中学校,松山市枝松5丁目4-39, ,132.7837092,33.82919625
学校,北条北中学校,松山市北条辻365, ,132.7813086,33.97098029
学校,済美平成中等教育学校,松山市空港通5丁目6-3, ,132.7325462,33.82784927
学校,愛媛大学教育学部附属中学校,松山市持田町1丁目5-22, ,132.7827229,33.84252228
学校,鴨川中学校,松山市鴨川2丁目7-19, ,132.750491,33.87316045
学校,津田中学校,松山市北斎院町1106, ,132.7220328,33.83702972
学校,余土中学校,松山市保免西4丁目5-23,平成28年2学期転,132.741772,33.813887
学校,三津浜中学校,松山市若葉町8-48, ,132.7183826,33.85649148
学校,新田青雲中等教育学校,松山市山西町600-1, ,132.7259194,33.85244795
学校,湯山中学校,松山市溝辺町甲508-1, ,132.8073628,33.85330509
学校,旭中学校,松山市下伊台町1105-1, ,132.802136,33.87357716
学校,東中学校,松山市文京町2-2, ,132.7738062,33.85024831
学校,久谷中学校,松山市浄瑠璃町940, ,132.8184016,33.75900235
学校,垣生中学校,松山市西垣生町418, ,132.706057,33.80970578
学校,北条南中学校,松山市河野別府12, ,132.7805585,33.94565911
学校,道後中学校,松山市上市1丁目3-57, ,132.7892322,33.84568117
学校,南第二中学校,松山市森松町943, ,132.7930592,33.79546598
学校,松山東雲中学校,松山市大街道3丁目2-24 , ,132.7704225,33.84353092
学校,高浜中学校,松山市梅津寺町乙52, ,132.710259,33.8748392
学校,南中学校,松山市東石井7丁目2-52, ,132.7756768,33.80771688
学校,久米中学校,松山市来住町689, ,132.8016509,33.80240007
学校,西中学校,松山市高岡町409, ,132.717764,33.82663883
学校,四国朝鮮初中級学校,松山市南斎院町乙50-22 , ,132.7337392,33.84317138
学校,内宮中学校,松山市内宮町569-1, ,132.749401,33.89320826
学校,日浦中学校,松山市河中町188-1, ,132.8711745,33.90160296
学校,興居島中学校,松山市泊町甲425-3, ,132.6708537,33.89394979
学校,中島中学校寄宿舎（青潮寮）,松山市長師562, ,132.6263498,33.96406691
学校,椿中学校,松山市市坪南1丁目1-20, ,132.7542243,33.80784658
学校,小野中学校,松山市平井町3690, ,132.8368013,33.8074955
学校,中島中学校,松山市長師817番地, ,132.6255246,33.9639662
学校,城西中学校,松山市竹原3丁目19-35, ,132.7483902,33.83432222
学校,愛光中学校,松山市衣山5丁目1610-1, ,132.7355379,33.84614244
学校,松山中央高等学校,松山市井門町1220 , ,132.7691799,33.80016665
学校,済美高等学校,松山市湊町7丁目9-1, ,132.7579322,33.83610065
学校,松山聖陵高等学校,松山市久万ﾉ台1112, ,132.7407342,33.85672899
学校,愛光高等学校,松山市衣山5丁目1610-1, ,132.7349885,33.84614233
学校,松山南高等学校,松山市末広町11-1, ,132.7627846,33.83385791
学校,北条高等学校,松山市北条辻600-1, ,132.7758734,33.97015239
学校,新田高等学校,松山市山西町663 , ,132.7255964,33.85173363
学校,聖カタリナ学園高等学校,松山市藤原町468, ,132.7627589,33.83459702
学校,松山工業高等学校,松山市真砂町1, ,132.7610332,33.83290996
学校,松山北高等学校中島分校,松山市中島大浦3100-1, ,132.6265466,33.97347793
学校,松山北高等学校,松山市文京町4-1, ,132.7683101,33.8499179
学校,愛媛大学附属高等学校,松山市樽味3丁目2-40, ,132.7943309,33.83919934
学校,松山商業高等学校,松山市旭町71, ,132.776244,33.83975663
学校,松山東雲高等学校,松山市大街道3丁目2-24 , ,132.7706103,33.84383379
学校,松山城南高等学校,松山市北久米町815, ,132.7898031,33.81584331
学校,松山東高等学校,松山市持田町2丁目2-12, ,132.7798954,33.84208894
学校,愛媛大学,松山市文京町3, ,132.7724342,33.8499573
学校,聖カタリナ大学,松山市北条660, ,132.7815813,33.97464585
学校,松山短期大学,松山市文京町4-2, ,132.7685038,33.85095936
学校,愛媛大学農学部,松山市樽味3丁目5-7, ,132.7923423,33.83935685
学校,愛媛大学農学部附属農場,松山市八反地498, ,132.7906469,33.96124825
学校,松山東雲女子大学,松山市桑原3丁目2-1, ,132.7963714,33.83265089
学校,聖カタリナセミナーハウス,松山市河野別府711 , ,132.7828263,33.95700143
学校,松山大学,松山市文京町4-2, ,132.7685133,33.85109724
学校,興居島小学校,松山市泊町甲425-3,,132.6710081,33.8938992
学校,中島小学校,松山市長師564,,132.6260346,33.96261694
