k,num_links,elapsed_time,max_memory_gb,memo,,k,num_links,elapsed_time,max_memory_gb
4,20,0.010970116,0.111328125,Success,,4,20,0.009608793,0.111523438
4,20,0.011677027,0.111328125,Success,,6,20,0.041317916,0.113525391
4,20,0.011482,0.110351563,Success,,8,20,0.035066509,0.124989319
4,20,0.010279417,0.110839844,Success,,10,20,0.040189028,0.120205689
4,20,0.00569272,0.110351563,Success,,4,30,0.061257482,0.127352524
4,20,0.006656885,0.110839844,Success,,6,30,0.205811119,0.136365128
4,20,0.009350777,0.112304688,Success,,8,30,0.768530679,0.16468544
4,20,0.010244846,0.11328125,Success,,10,30,1.722842646,0.208086395
4,20,0.00889349,0.111816406,Success,,4,40,0.176258159,0.154957199
4,20,0.010840654,0.112792969,Success,,6,40,1.598136067,0.233524704
6,20,0.059163809,0.114257813,Success,,8,40,8.333684539,0.557532883
6,20,0.050164461,0.112792969,Success,,10,40,25.24732273,1.226761246
6,20,0.050004005,0.112304688,Success,,4,50,0.319756818,0.420009613
6,20,0.045591116,0.112792969,Success,,6,50,7.23945818,0.812696838
6,20,0.038980722,0.113769531,Success,,8,50,44.96350765,2.262582779
6,20,0.028297186,0.112304688,Success,,10,50,201.318299,7.262604522
6,20,0.023123503,0.112304688,Success,,4,60,0.68015213,0.967947769
6,20,0.045626879,0.115234375,Success,,6,60,17.22047117,1.934653854
6,20,0.033520937,0.114257813,Success,,8,60,160.2252115,10.57587662
6,20,0.038706541,0.115234375,Success,,10,60,#DIV/0!,#DIV/0!
8,20,0.029457092,0.118537903,Success,,4,70,1.32121985,5.805391694
8,20,0.035950422,0.118659973,Success,,6,70,40.57012785,10.29415003
8,20,0.021417618,0.12329483,Success,,8,70,#DIV/0!,#DIV/0!
8,20,0.036274433,0.123603821,Success,,10,70,#DIV/0!,#DIV/0!
8,20,0.032690287,0.123584747,Success,,4,80,#DIV/0!,#DIV/0!
8,20,0.043994665,0.13325882,Success,,6,80,#DIV/0!,#DIV/0!
8,20,0.031953335,0.120300293,Success,,8,80,#DIV/0!,#DIV/0!
8,20,0.040788412,0.121658325,Success,,10,80,#DIV/0!,#DIV/0!
8,20,0.042458057,0.133640289,Success,,4,90,#DIV/0!,#DIV/0!
8,20,0.035680771,0.133354187,Success,,6,90,#DIV/0!,#DIV/0!
10,20,0.048036337,0.117404938,Success,,8,90,#DIV/0!,#DIV/0!
10,20,0.041690588,0.117397308,Success,,10,90,#DIV/0!,#DIV/0!
10,20,0.037151098,0.123081207,Success,,4,100,#DIV/0!,#DIV/0!
10,20,0.038069963,0.114746094,Success,,6,100,#DIV/0!,#DIV/0!
10,20,0.046904087,0.122398376,Success,,8,100,#DIV/0!,#DIV/0!
10,20,0.042928219,0.122261047,Success,,10,100,#DIV/0!,#DIV/0!
10,20,0.036395311,0.122886658,Success,,,,,
10,20,0.026295185,0.123569489,Success,,,,,
10,20,0.041484594,0.121250153,Success,,,,,
10,20,0.042934895,0.117061615,Success,,,,,
4,30,0.053133488,0.133857727,Success,,,,,
4,30,0.046149015,0.134849548,Success,,,,,
4,30,0.036757231,0.122871399,Success,,,,,
4,30,0.035534143,0.134307861,Success,,,,,
4,30,0.048817396,0.156654358,Success,,,,,
4,30,0.080129147,0.118507385,Success,,,,,
4,30,0.079731703,0.118946075,Success,,,,,
4,30,0.076122046,0.118530273,Success,,,,,
4,30,0.083296776,0.117946625,Success,,,,,
4,30,0.072903872,0.117053986,Success,,,,,
6,30,0.164225817,0.134002686,Success,,,,,
6,30,0.210227251,0.13312912,Success,,,,,
6,30,0.213237524,0.123912811,Success,,,,,
6,30,0.123278141,0.1212883,Success,,,,,
6,30,0.324942827,0.20671463,Success,,,,,
6,30,0.213692188,0.134677887,Success,,,,,
6,30,0.276125193,0.133220673,Success,,,,,
6,30,0.206990719,0.122470856,Success,,,,,
6,30,0.177010536,0.121013641,Success,,,,,
6,30,0.148380995,0.133220673,Success,,,,,
8,30,1.622967482,0.202373505,Success,,,,,
8,30,0.315475941,0.134166718,Success,,,,,
8,30,0.729816198,0.158172607,Success,,,,,
8,30,0.796096563,0.198368073,Success,,,,,
8,30,0.563577652,0.156318665,Success,,,,,
8,30,0.744987249,0.153930664,Success,,,,,
8,30,1.669656754,0.204971313,Success,,,,,
8,30,0.726730108,0.161186218,Success,,,,,
8,30,0.383636713,0.156291962,Success,,,,,
8,30,0.132362127,0.121074677,Success,,,,,
10,30,1.451136112,0.207378387,Success,,,,,
10,30,0.867652893,0.15631485,Success,,,,,
10,30,1.708089352,0.205047607,Success,,,,,
10,30,1.474951029,0.200344086,Success,,,,,
10,30,1.289461851,0.203308105,Success,,,,,
10,30,1.96634388,0.204620361,Success,,,,,
10,30,3.097271919,0.290687561,Success,,,,,
10,30,2.22296977,0.206062317,Success,,,,,
10,30,1.380868912,0.20552063,Success,,,,,
10,30,1.769680738,0.201580048,Success,,,,,
4,40,0.116681814,0.153682709,Success,,,,,
4,40,0.16169095,0.154953003,Success,,,,,
4,40,0.139739513,0.15625,Success,,,,,
4,40,0.170809507,0.20173645,Success,,,,,
4,40,0.142418623,0.153831482,Success,,,,,
4,40,0.25941968,0.203380585,Success,,,,,
4,40,0.306011915,0.157844543,Success,,,,,
4,40,0.196357727,0.123497009,Success,,,,,
4,40,0.063572407,0.113769531,Success,,,,,
4,40,0.20587945,0.130626678,Success,,,,,
6,40,1.621457577,0.289066315,Success,,,,,
6,40,1.916677475,0.290786743,Success,,,,,
6,40,2.347521544,0.28911972,Success,,,,,
6,40,1.121754169,0.134777069,Success,,,,,
6,40,1.328649282,0.157382965,Success,,,,,
6,40,1.859907627,0.297775269,Success,,,,,
6,40,2.089869022,0.296257019,Success,,,,,
6,40,1.763520479,0.291145325,Success,,,,,
6,40,1.105647564,0.132759094,Success,,,,,
6,40,0.826355934,0.156177521,Success,,,,,
8,40,7.057500601,0.48197937,Success,,,,,
8,40,7.070692062,0.491142273,Success,,,,,
8,40,9.945879698,0.837810516,Success,,,,,
8,40,8.149268627,0.493782043,Success,,,,,
8,40,6.240085125,0.480178833,Success,,,,,
8,40,10.21526742,0.841308594,Success,,,,,
8,40,5.901162148,0.471153259,Success,,,,,
8,40,10.83185577,0.498966217,Success,,,,,
8,40,10.88574147,0.499885559,Success,,,,,
8,40,7.039392471,0.479122162,Success,,,,,
10,40,27.41895103,1.544719696,Success,,,,,
10,40,24.02052069,0.88028717,Success,,,,,
10,40,19.88074112,0.866924286,Success,,,,,
10,40,31.30823493,1.570274353,Success,,,,,
10,40,17.21187973,0.847049713,Success,,,,,
10,40,2.729991913,0.159633636,Success,,,,,
10,40,52.09063435,3.040592194,Success,,,,,
10,40,18.31358671,0.869762421,Success,,,,,
10,40,34.42940593,1.604095459,Success,,,,,
10,40,25.06928086,0.884273529,Success,,,,,
4,50,0.244439602,0.304618835,Success,,,,,
4,50,0.313696861,0.292686462,Success,,,,,
4,50,0.253161669,0.301681519,Success,,,,,
4,50,0.284365892,0.200214386,Success,,,,,
4,50,0.416402578,0.287410736,Success,,,,,
4,50,0.350388527,0.199363708,Success,,,,,
4,50,0.286145449,0.196620941,Success,,,,,
4,50,0.406233788,1.650981903,Success,,,,,
4,50,0.176057816,0.477916718,Success,,,,,
4,50,0.466675997,0.288600922,Success,,,,,
6,50,6.639648438,0.82000351,Success,,,,,
6,50,8.897369862,0.852134705,Success,,,,,
6,50,4.372932434,0.486022949,Success,,,,,
6,50,7.968520641,0.87059021,Success,,,,,
6,50,6.887692451,0.855548859,Success,,,,,
6,50,7.12392211,0.847248077,Success,,,,,
6,50,5.78561759,0.490379333,Success,,,,,
6,50,5.147921085,0.488494873,Success,,,,,
6,50,11.03584123,1.53465271,Success,,,,,
6,50,8.535115957,0.881893158,Success,,,,,
8,50,32.61371851,1.535961151,Success,,,,,
8,50,56.79484439,3.077278137,Success,,,,,
8,50,21.54291844,1.521324158,Success,,,,,
8,50,62.88453484,3.082027435,Success,,,,,
8,50,76.60066104,3.228431702,Success,,,,,
8,50,60.19675374,3.063045502,Success,,,,,
8,50,39.74053597,1.621482849,Success,,,,,
8,50,21.72410893,0.854724884,Success,,,,,
8,50,18.27219391,1.555400848,Success,,,,,
8,50,59.26480675,3.086151123,Success,,,,,
10,50,109.0622945,3.144622803,Success,,,,,
10,50,331.2365046,11.75143051,Success,,,,,
10,50,188.0780933,6.404563904,Success,,,,,
10,50,290.1393702,6.296356201,Success,,,,,
10,50,281.0147142,11.72268677,Success,,,,,
10,50,193.0406859,6.186946869,Success,,,,,
10,50,232.4677746,11.50839996,Success,,,,,
10,50,300.9718833,12.53254318,Success,,,,,
10,50,36.71916461,1.536338806,Success,,,,,
10,50,50.45250511,1.542156219,Success,,,,,
4,60,0.506667376,0.843791962,Success,,,,,
4,60,0.503219843,0.901420593,Success,,,,,
4,60,0.647034168,0.852043152,Success,,,,,
4,60,0.733234167,1.551113129,Success,,,,,
4,60,0.445645571,0.295192719,Success,,,,,
4,60,1.023864746,1.518344879,Success,,,,,
4,60,0.563478947,0.862586975,Success,,,,,
4,60,0.837961197,1.514392853,Success,,,,,
4,60,0.601324797,0.501487732,Success,,,,,
4,60,0.93909049,0.839103699,Success,,,,,
6,60,18.4626348,1.651760101,Success,,,,,
6,60,13.17247629,1.620159149,Success,,,,,
6,60,17.62560272,1.65612793,Success,,,,,
6,60,10.50757551,1.518779755,Success,,,,,
6,60,17.1246748,1.616893768,Success,,,,,
6,60,15.84400773,1.628948212,Success,,,,,
6,60,23.88358498,3.182991028,Success,,,,,
6,60,12.26589417,1.64434433,Success,,,,,
6,60,14.01703072,1.655223846,Success,,,,,
6,60,29.30122995,3.171310425,Success,,,,,
8,60,92.99191523,5.839084625,Success,,,,,
8,60,103.1986222,5.78685379,Success,,,,,
8,60,141.2588956,6.123226166,Success,,,,,
8,60,288.2191198,11.71097946,Success,,,,,
8,60,185.9778435,11.64747238,Success,,,,,
8,60,277.2807219,12.35580063,Success,,,,,
8,60,187.79496,11.43346786,Success,,,,,
8,60,155.1163793,6.287120819,Success,,,,,
8,60,129.7873347,22.64650345,Success,,,,,
8,60,40.62632322,11.92825699,Success,,,,,
10,60,,,Timeout,,,,,
10,60,,,Timeout,,,,,
10,60,,,Timeout,,,,,
10,60,,,Timeout,,,,,
10,60,,,Timeout,,,,,
10,60,,,Timeout,,,,,
10,60,,,Timeout,,,,,
10,60,,,Timeout,,,,,
10,60,,,Timeout,,,,,
10,60,,,Timeout,,,,,
4,70,1.453871727,11.72779465,Success,,,,,
4,70,1.250697851,3.012039185,Success,,,,,
4,70,1.814534903,3.114833832,Success,,,,,
4,70,1.857813358,5.83391571,Success,,,,,
4,70,1.288858891,5.915897369,Success,,,,,
4,70,1.653662443,5.77564621,Success,,,,,
4,70,0.475918293,1.537151337,Success,,,,,
4,70,1.126334906,5.948219299,Success,,,,,
4,70,1.217921734,3.164009094,Success,,,,,
4,70,1.072584391,12.02441025,Success,,,,,
6,70,12.47297168,2.957450867,Success,,,,,
6,70,80.20777822,11.56420135,Success,,,,,
6,70,44.21929598,11.6409111,Success,,,,,
6,70,40.34387064,11.3487587,Success,,,,,
6,70,35.56085849,12.41975784,Success,,,,,
6,70,30.61599207,11.83382034,Success,,,,,
6,70,,,Timeout,,,,,
6,70,,,Timeout,,,,,
6,70,,,Timeout,,,,,
6,70,,,Timeout,,,,,
8,70,,,Timeout,,,,,
8,70,,,Timeout,,,,,
8,70,,,Timeout,,,,,
8,70,,,Timeout,,,,,
8,70,,,Timeout,,,,,
8,70,,,Timeout,,,,,
8,70,,,Timeout,,,,,
8,70,,,Timeout,,,,,
8,70,,,Timeout,,,,,
8,70,,,Timeout,,,,,
10,70,,,Timeout,,,,,
10,70,,,Timeout,,,,,
10,70,,,Timeout,,,,,
10,70,,,Timeout,,,,,
10,70,,,Timeout,,,,,
10,70,,,Timeout,,,,,
10,70,,,Timeout,,,,,
10,70,,,Timeout,,,,,
10,70,,,Timeout,,,,,
10,70,,,Timeout,,,,,
4,80,,,Timeout,,,,,
4,80,,,Timeout,,,,,
4,80,,,Timeout,,,,,
4,80,,,Timeout,,,,,
4,80,,,Timeout,,,,,
4,80,,,Timeout,,,,,
4,80,,,Timeout,,,,,
4,80,,,Timeout,,,,,
4,80,,,Timeout,,,,,
4,80,,,Timeout,,,,,
6,80,,,Timeout,,,,,
6,80,,,Timeout,,,,,
6,80,,,Timeout,,,,,
6,80,,,Timeout,,,,,
6,80,,,Timeout,,,,,
6,80,,,Timeout,,,,,
6,80,,,Timeout,,,,,
6,80,,,Timeout,,,,,
6,80,,,Timeout,,,,,
6,80,,,Timeout,,,,,
8,80,,,Timeout,,,,,
8,80,,,Timeout,,,,,
8,80,,,Timeout,,,,,
8,80,,,Timeout,,,,,
8,80,,,Timeout,,,,,
8,80,,,Timeout,,,,,
8,80,,,Timeout,,,,,
8,80,,,Timeout,,,,,
8,80,,,Timeout,,,,,
8,80,,,Timeout,,,,,
10,80,,,Timeout,,,,,
10,80,,,Timeout,,,,,
10,80,,,Timeout,,,,,
10,80,,,Timeout,,,,,
10,80,,,Timeout,,,,,
10,80,,,Timeout,,,,,
10,80,,,Timeout,,,,,
10,80,,,Timeout,,,,,
10,80,,,Timeout,,,,,
10,80,,,Timeout,,,,,
4,90,,,Timeout,,,,,
4,90,,,Timeout,,,,,
4,90,,,Timeout,,,,,
4,90,,,Timeout,,,,,
4,90,,,Timeout,,,,,
4,90,,,Timeout,,,,,
4,90,,,Timeout,,,,,
4,90,,,Timeout,,,,,
4,90,,,Timeout,,,,,
4,90,,,Timeout,,,,,
6,90,,,Timeout,,,,,
6,90,,,Timeout,,,,,
6,90,,,Timeout,,,,,
6,90,,,Timeout,,,,,
6,90,,,Timeout,,,,,
6,90,,,Timeout,,,,,
6,90,,,Timeout,,,,,
6,90,,,Timeout,,,,,
6,90,,,Timeout,,,,,
6,90,,,Timeout,,,,,
8,90,,,Timeout,,,,,
8,90,,,Timeout,,,,,
8,90,,,Timeout,,,,,
8,90,,,Timeout,,,,,
8,90,,,Timeout,,,,,
8,90,,,Timeout,,,,,
8,90,,,Timeout,,,,,
8,90,,,Timeout,,,,,
8,90,,,Timeout,,,,,
8,90,,,Timeout,,,,,
10,90,,,Timeout,,,,,
10,90,,,Timeout,,,,,
10,90,,,Timeout,,,,,
10,90,,,Timeout,,,,,
10,90,,,Timeout,,,,,
10,90,,,Timeout,,,,,
10,90,,,Timeout,,,,,
10,90,,,Timeout,,,,,
10,90,,,Timeout,,,,,
10,90,,,Timeout,,,,,
4,100,,,Timeout,,,,,
4,100,,,Timeout,,,,,
4,100,,,Timeout,,,,,
4,100,,,Timeout,,,,,
4,100,,,Timeout,,,,,
4,100,,,Timeout,,,,,
4,100,,,Timeout,,,,,
4,100,,,Timeout,,,,,
4,100,,,Timeout,,,,,
4,100,,,Timeout,,,,,
6,100,,,Timeout,,,,,
6,100,,,Timeout,,,,,
6,100,,,Timeout,,,,,
6,100,,,Timeout,,,,,
6,100,,,Timeout,,,,,
6,100,,,Timeout,,,,,
6,100,,,Timeout,,,,,
6,100,,,Timeout,,,,,
6,100,,,Timeout,,,,,
6,100,,,Timeout,,,,,
8,100,,,Timeout,,,,,
8,100,,,Timeout,,,,,
8,100,,,Timeout,,,,,
8,100,,,Timeout,,,,,
8,100,,,Timeout,,,,,
8,100,,,Timeout,,,,,
8,100,,,Timeout,,,,,
8,100,,,Timeout,,,,,
8,100,,,Timeout,,,,,
8,100,,,Timeout,,,,,
10,100,,,Timeout,,,,,
10,100,,,Timeout,,,,,
10,100,,,Timeout,,,,,
10,100,,,Timeout,,,,,
10,100,,,Timeout,,,,,
10,100,,,Timeout,,,,,
10,100,,,Timeout,,,,,
10,100,,,Timeout,,,,,
10,100,,,Timeout,,,,,
10,100,,,Timeout,,,,,