都道府県コード又は市区町村コード,NO,都道府県名,市区町村名,名称,名称_カナ,医療機関の種類,住所,方書,緯度,経度,電話番号,内線番号,FAX番号,法人番号,法人の名称,医療機関コード,診療曜日,診療開始時間,診療終了時間,診療日時特記事項,時間外における対応,診療科目,病床数,URL,備考
382019,1000000001,愛媛県,松山市,愛媛県立中央病院,エヒメケンリツチュウオウビョウイン,病院,松山市春日町83,,33.8314789,132.7649427,,,,,,,,,,,,内科;精神科;脳神経内科;呼吸器内科;消化器内科;循環器内科;血液内科;糖尿病　内分泌内科;腎臓内科;漢方内科;新生児内科;ペインクリニック内科;消化器外科;乳腺　内分泌外科;小児科;外科;整形外科;形成外科;脳神経外科;呼吸器外科;心臓血管外科;小児外科;皮膚科;泌尿器科;産婦人科;眼科;耳鼻いんこう科;放射線科;麻酔科;リハビリテーション科;歯科;救急科;病理診療科,827,,
382019,1000000005,愛媛県,松山市,松山赤十字病院,マツヤマセキジュウジビョウイン,病院,松山市文京町1,,33.8484429,132.7741717,,,,,,,,,,,,内科;精神科;脳神経内科;呼吸器内科;消化器内科;循環器内科;小児科;外科;整形外科;形成外科;脳神経外科;呼吸器外科;心臓血管外科;小児外科;皮膚科;泌尿器科;産婦人科;眼科;耳鼻咽喉科;リハビリテーション科;放射線診断科;放射線治療科;麻酔科;心療内科;リウマチ科;歯科口腔外科;病理診断科;腎臓内科、肝臓;胆のう;膵臓内科、乳腺外科;血管外科;血液内科;糖尿病;内分泌内科,585,,
382019,1000000006,愛媛県,松山市,社会福祉法人恩賜財団済生会松山病院,サイセイカイマツヤマビョウイン,病院,松山市山西町880-2,,33.8523596,132.7208288,,,,,,,,,,,,内科;外科;整形外科;脳神経外科;皮膚科;泌尿器科;婦人科;眼科;放射線科;麻酔科;リハビリテーション科;循環器内科;脳神経内科;形成外科、消化器内科,199,,
382019,1000000008,愛媛県,松山市,医療法人順風会　天山病院,アマヤマビョウイン,病院,松山市天山2-3ｰ30,,33.8192208,132.7778142,,,,,,,,,,,,内科;放射線科;リハビリテーション科;消化器内科;循環器内科;呼吸器内科;小児科;整形外科;脳神経外科;糖尿病内科,160,,
382019,1000000011,愛媛県,松山市,奥島病院,オクジマビョウイン,病院,松山市道後町2-2ｰ1,,33.8481502,132.7828831,,,,,,,,,,,,内科;呼吸器内科;呼吸器外科;消化器内科;消化器外科;循環器内科;外科;整形外科;脳神経外科;泌尿器科;婦人科;リハビリテーション科;麻酔科;糖尿病内科;乳腺外科,184,,
382019,1000000015,愛媛県,松山市,貞本病院,サダモトビョウイン,病院,松山市竹原町1-6-1,,33.833536,132.7561841,,,,,,,,,,,,内科;循環器科;脳神経外科;耳鼻咽喉科;気管食道科;リハビリテーション科;放射線科;アレルギー科,60,,
382019,1000000018,愛媛県,松山市,愛媛生協病院,エヒメセイキョウビョウイン,病院,松山市来住町1091-1,,33.8087992,132.7986144,,,,,,,,,,,,内科;精神科;呼吸器内科;消化器内科;循環器内科;小児科;外科;整形外科;リハビリテーション科;アレルギー科(小児);肛門外科;リウマチ科;心療内科;,88,,
382019,1000000019,愛媛県,松山市,医療法人聖光会　鷹の子病院,タカノコビョウイン,病院,松山市鷹子町525-1,,33.8132174,132.8154683,,,,,,,,,,,,内科;消化器内科;循環器内科;脳神経外科;眼科;耳鼻咽喉科;リハビリテーション科;放射線科;糖尿病内科;内分泌・代謝内科;小児眼科;呼吸器内科,72,,
382019,1000000020,愛媛県,松山市,医療法人千寿会　道後温泉病院,ドウゴオンセンビョウイン,病院,松山市道後姫塚乙21-21,,33.8485015,132.7912348,,,,,,,,,,,,内科;整形外科;リハビリテーション科;リウマチ科;循環器内科,224,,
382019,1000000021,愛媛県,松山市,土橋共立病院,ドバシキョウリツビョウイン,病院,松山市土橋町3ｰ1,,33.8326935,132.7570306,,,,,,,,,,,,内科;整形外科;消化器科;リハビリテーション科;,55,,
382019,1000000022,愛媛県,松山市,野本記念病院,ノモトキネンビョウイン,病院,松山市三番町5-12-1,,33.8385395,132.7638588,,,,,,,,,,,,内科;循環器内科;外科;整形外科;リハビリテーション科;,99,,
382019,1000000023,愛媛県,松山市,医療法人慈孝会　福角病院,フクズミビョウイン,病院,松山市福角町乙69-1,,33.904828,132.766944,,,,,,,,,,,,内科;リハビリテ―ション科;神経内科;外科;消化器外科;脳神経外科;形成外科;放射線科,114,,
382019,1000000025,愛媛県,松山市,松山城東病院,マツヤマジョウトウビョウイン,病院,松山市松末2-19ｰ36,,33.8270165,132.7882757,,,,,,,,,,,,内科;消化器外科;循環器内科;外科;整形外科;脳神経外科;こう門外科;リハビリテーション科;放射線科;麻酔科;リウマチ科;,90,,
382019,1000000026,愛媛県,松山市,松山協和病院,マツヤマキョウワビョウイン,病院,松山市立花5-1-53,,33.8275239,132.7722106,,,,,,,,,,,,内科;消化器内科;整形外科;呼吸器内科;リハビリテーション科;,54,,
382019,1000000027,愛媛県,松山市,松山市民病院,マツヤマシミンビョウイン,病院,松山市大手町2-6-5,,33.8390255,132.7538602,,,,,,,,,,,,内科;呼吸器内科;消化器内科;循環器内科;小児科;外科;整形外科;形成外科;脳神経外科;皮膚科;泌尿器科;婦人科;眼科;耳鼻咽喉科;リハビリテーション科;放射線科;麻酔科;歯科;呼吸器外科;心臓血管外科;歯科口腔外科;脳神経内科;心療内科;病理診断科;救急科;精神科,399,,
382019,1000000028,愛媛県,松山市,松山第一病院,マツヤマダイイチビョウイン,病院,松山市久万ﾉ台282-2,,33.8275024,132.7698083,,,,,,,,,,,,内科;消化器科;循環器科;放射線科;リハビリテーション科,70,,
382019,1000000029,愛媛県,松山市,医療法人結和会　松山西病院,マツヤマニシビョウイン,病院,松山市富久町360-1,,33.8219148,132.726991,,,,,,,,,,,,内科;消化器内科;循環器内科;泌尿器科（人工透析）;リハビリテーション科;放射線科;,102,,
382019,1000000030,愛媛県,松山市,松山ベテル病院,マツヤマベテルビョウイン,病院,松山市祝谷6-1229,,33.8635425,132.7729914,,,,,,,,,,,,内科;精神科;神経内科;胃腸内科;外科;整形外科;脳神経外科;リハビリテーション科;放射線科;心療内科,155,,
382019,1000000031,愛媛県,松山市,松山リハビリテーション病院,マツヤマリハビリテーションビョウイン,病院,松山市高井町1211,,33.7994504,132.8074918,,,,,,,,,,,,内科;リハビリテーション科;脳神経内科;,326,,
382019,1000000032,愛媛県,松山市,医療法人天真会　南高井病院,ミナミタカイビョウイン,病院,松山市南高井町333,,33.7877746,132.8248819,,,,,,,,,,,,内科;リハビリテーション科;泌尿器科;,300,,
382019,1000000033,愛媛県,松山市,南松山病院,ミナミマツヤマビョウイン,病院,松山市朝生田町1-3ｰ10,,33.8242323,132.7741677,,,,,,,,,,,,内科;呼吸器科;消化器科;循環器科;外科;整形外科;形成外科;脳神経外科;泌尿器科;眼科;リハビリテーション科;放射線科;麻酔科;リウマチ科;,242,,
382019,1000000036,愛媛県,松山市,久米病院,クメビョウイン,病院,松山市南久米町723,,33.8120348,132.8017452,,,,,,,,,,,,内科;精神科;心療内科;消化器内科;,173,,
382019,1000000037,愛媛県,松山市,真光園,シンコウエン,病院,松山市南高井町1491,,33.7948748,132.8032376,,,,,,,,,,,,精神科;,204,,
382019,1000000038,愛媛県,松山市,医療法人佑心會　堀江病院,ホリエビョウイン,病院,松山市福角町甲1582,,33.9044109,132.7558872,,,,,,,,,,,,内科;精神科;心療内科,200,,
382019,1000000039,愛媛県,松山市,医療法人鶯友会　牧病院,イリョウホウジンオウユウカイマキビョウイン,病院,松山市菅沢町甲1151-1,,33.90191,132.810889,,,,,,,,,,,,内科;精神科;心療内科;,182,,
382019,1000000040,愛媛県,松山市,松山記念病院,マツヤマキネンビョウイン,病院,松山市美沢1-10-38,,33.8505168,132.7504733,,,,,,,,,,,,内科;精神科;歯科;,693,,
382019,1000000042,愛媛県,松山市,東明病院,トウメイビョウイン,病院,松山市東方町甲1026-1,,33.767833,132.814532,,,,,,,,,,,,内科;小児科;外科;整形外科;婦人科;理学診療科;心療内科;精神科,91,,
382019,1000000044,愛媛県,松山市,中川病院,ナカガワビョウイン,病院,松山市南梅本町甲58,,33.798776,132.8423578,,,,,,,,,,,,内科;消化器内科;循環器内科;外科;肛門外科;リハビリテーション科;麻酔科,40,,
382019,1000000485,愛媛県,松山市,増田病院,マスダビョウイン,病院,松山市山越3-5ｰ24,,33.8601048,132.7595167,,,,,,,,,,,,内科;外科;整形外科;リハビリテーション科;,54,,
382019,1000000488,愛媛県,松山市,栗林病院,クリバヤシビョウイン,病院,松山市溝辺町甲331,,33.8494733,132.8035616,,,,,,,,,,,,内科;胃腸科;外科;整形外科;リハビリテーション科;泌尿器科;循環器科;放射線科;,124,,
382019,1000000572,愛媛県,松山市,平成脳神経外科病院,ヘイセイノウシンケイゲカビョウイン,病院,松山市北井門2-7ｰ28,,33.8019173,132.7794949,,,,,,,,,,,,外科;脳神経外科;リハビリテーション科,65,,
382019,1000000584,愛媛県,松山市,和ホスピタル,ナゴミホスピタル,病院,松山市柳原739,,33.9585042,132.7712863,,,,,,,,,,,,精神科;心療内科;,120,,
382019,1000000585,愛媛県,松山市,北条病院,ホウジョウビョウイン,病院,松山市河野中須賀288-5,,33.9465186,132.7695247,,,,,,,,,,,,内科;呼吸器科;胃腸科;外科;整形外科;肛門科;放射線科;泌尿器科;リハビリテーション科;,60,,
382019,1000000659,愛媛県,松山市,独立行政法人国立病院機構　四国がんセンター,ドクリツギョウセイホウジンコクリツビョウインキコウシコクガンセンター,病院,松山市南梅本町甲160,,33.7972659,132.8411959,,,,,,,,,,,,血液腫瘍内科;精神腫瘍科;呼吸器内科;消化器内科;消化器外科;乳腺外科;整形外科;形成外科;呼吸器外科;泌尿器科;婦人科;耳鼻いんこう科;放射線診断科;放射線治療科;麻酔科;リハビリテーション科;緩和ケア内科;歯科;感染症・腫瘍内科;病理診断科,368,,
382019,1000000668,愛媛県,松山市,佐藤実病院,サトウミノルビョウイン,病院,松山市本町6-3-1,,33.8518829,132.7585082,,,,,,,,,,,,外科；胃腸内科；大腸・肛門外科；内科；リハビリテーション科,68,,
382019,1000000692,愛媛県,松山市,なかじま中央病院,ナカジマチュウオウビョウイン,病院,松山市中島大浦3081-1,,33.9726892,132.6273025,,,,,,,,,,,,内科;外科;整形外科;循環器科,50,,
382019,1000000787,愛媛県,松山市,梶浦病院,カジウラビョウイン,病院,松山市三番町4-4-5,,33.8377958,132.7640964,,,,,,,,,,,,脳神経外科;脊椎・脊髄外科;外科;整形外科;胃腸外科;麻酔科;呼吸器外科;胸部外科;内科;リハビリテーション科;心臓血管外科,50,,
382019,1000000796,愛媛県,松山市,松山笠置記念心臓血管病院,マツヤマカサギキネンシンゾウケッカンビョウイン,病院,松山市末広町18-2,,33.8349729,132.7641068,,,,,,,,,,,,内科;外科;心臓血管外科;胸部外科;心臓内科;呼吸器内科;救急科;放射線科;感染症内科;リハビリテーション科,48,,
382019,1000000806,愛媛県,松山市,渡辺病院,ワタナベビョウイン,病院,松山市空港通7-13ｰ3,,33.8276631,132.7267199,,,,,,,,,,,,内科;外科;整形外科;リウマチ科;リハビリテーション科;胃腸外科;循環器内科;こう門外科内視鏡外科;消化器外科;小児外科,47,,
382019,1000000879,愛媛県,松山市,おおぞら病院,オオゾラビョウイン,病院,松山市六軒家町4ｰ20,,33.8517585,132.7525221,,,,,,,,,,,,リハビリテーション科;糖尿病内科;内視鏡内科;肝臓内科;乳腺外科;整形外科;脳神経内科;脳神経外科,108,,
382019,1000001042,愛媛県,松山市,松山まどんな病院,マツヤママドンナビョウイン,病院,松山市喜与町1-7-1,,33.8437797,132.7734629,,,,,,,,,,,,外科;内科;産婦人科;小児科;整形外科;麻酔科;放射線科;皮膚科;美容皮膚科;乳腺外科;形成外科;泌尿器科,78,,
382019,2000000064,愛媛県,松山市,陸上自衛隊　松山駐とん地　医務室,リクジョウジエイタイマツヤマチュウトンチイムシツ,有床診療所,松山市南梅本町乙115,,33.801997,132.848907,,,,,,,,,,,,内科;歯科;,3,,
382019,2000000065,愛媛県,松山市,日本放送協会健康保険組合松山診療所,ニホンホウソウキョウカイケンコウホケンクミアイマツヤマシンリョウショ,無床診療所,松山市堀之内町5,,33.8401971,132.7606784,,,,,,,,,,,,内科;,0,,
382019,2000000066,愛媛県,松山市,地方職員共済組合愛媛診療所,チホウショクインキョウサイクミアイエヒメシンリョウショ,無床診療所,松山市一番町4-4-2,,33.8416231,132.765729,,,,,,,,,,,,内科;,0,,
382019,2000000086,愛媛県,松山市,みなくちこどもクリニック,ミナクチコドモクリニック,無床診療所,松山市木屋町3-13-9,,33.8542156,132.7594501,,,,,,,,,,,,小児科;,0,,
382019,2000000093,愛媛県,松山市,社会福祉法人　松山隣保館丸山荘診療所,マツヤマリンポカンマルヤマソウシンリョウショ,無床診療所,松山市南江戸6-1697,,33.8436267,132.7344733,,,,,,,,,,,,内科;,0,,
382019,2000000125,愛媛県,松山市,四国電力株式会社愛媛支店健康管理室,シコクデンリョクカブシキガイシャエヒメシテンケン,無床診療所,松山市湊町6-6-2,,33.8362528,132.7590943,,,,,,,,,,,,内科;,0,,
382019,2000000127,愛媛県,松山市,愛媛県盲老人ホーム権現荘,エヒメケンモウロウジンホームゴンゲンソウ,無床診療所,松山市権現町584,,33.8957959,132.7704406,,,,,,,,,,,,内科;,0,,
382019,2000000130,愛媛県,松山市,大城外科胃腸科,オオシロゲカイチョウカ,無床診療所,松山市余戸東1-11ｰ38,,33.8154263,132.7396551,,,,,,,,,,,,胃腸科;外科;内科,0,,
382019,2000000132,愛媛県,松山市,井関農機和気診療所,イセキノウキワケシンリョウショ,無床診療所,松山市馬木町700,,33.8959576,132.7419252,,,,,,,,,,,,内科;外科;,0,,
382019,2000000147,愛媛県,松山市,松山養護老人ホーム診療所,マツヤマヨウゴロウジンホームシンリョウショ,無床診療所,松山市恵原町甲880,,33.767761,132.813804,,,,,,,,,,,,内科;精神科;循環器科;外科;整形外科;皮膚科;,0,,
382019,2000000148,愛媛県,松山市,秦皮膚泌尿器科医院,ハタヒフヒニョウキカイイン,無床診療所,松山市鴨川1-6-22,,33.8732929,132.7524607,,,,,,,,,,,,皮膚科;泌尿器科;,0,,
382019,2000000151,愛媛県,松山市,伊予鉄グループ診療所,イヨテツグループシンリョウジョ,無床診療所,松山市湊町4-4-1,,33.8356799,132.7642754,,,,,,,,,,,,内科;,0,,
382019,2000000155,愛媛県,松山市,社会福祉法人双星会特別養護老人ホーム五明苑診療所,シャカイフクシホウジンソウセイカイトクベツヨウゴロウジンホームゴミョウエンシンリョウショ,無床診療所,松山市菅沢町乙411-1,,33.9073599,132.8101552,,,,,,,,,,,,内科;,0,,
382019,2000000167,愛媛県,松山市,第二権現荘診療所,ダイニゴンゲンソウシンリョウショ,有床診療所,松山市権現町甲648-1,,33.89524,132.770536,,,,,,,,,,,,内科;精神科;,0,,
382019,2000000168,愛媛県,松山市,みねおい内科・循環器内科医院,ミネオイナイカジュンカンキナイカイイン,無床診療所,松山市生石町472,,33.8324899,132.7409469,,,,,,,,,,,,内科;循環器内科,0,,
382019,2000000169,愛媛県,松山市,特別養護老人ホーム白寿荘医務室,トクベツヨウゴロウジンホームハクジュソウイムシツ,無床診療所,松山市天山2-3-6,,33.8190879,132.7780927,,,,,,,,,,,,内科;外科;,0,,
382019,2000000174,愛媛県,松山市,中村内科循環器科,ナカムラナイカジュンカンキカ,無床診療所,松山市束本1-5-41,,33.8319342,132.7875894,,,,,,,,,,,,内科;循環器科;小児科;放射線科;,0,,
382019,2000000175,愛媛県,松山市,医療法人誠志会山本内科医院,ヤマモトナイカイイン,有床診療所,松山市河原町5-10,,33.8344996,132.7705712,,,,,,,,,,,,内科;精神科;神経内科;放射線科;,9,,
382019,2000000178,愛媛県,松山市,愛媛県身体障害者福祉センター,エヒメケンシンタイショウガイシャフクシセンター,無床診療所,松山市道後町2-12-11,,33.849774,132.7800795,,,,,,,,,,,,整形外科;耳鼻咽喉科;,0,,
382019,2000000179,愛媛県,松山市,医療法人清友会　清水医院,シミズイイン,有床診療所,松山市衣山4-818-2,,33.8510955,132.7383988,,,,,,,,,,,,内科;耳鼻咽喉科;麻酔科,19,,
382019,2000000181,愛媛県,松山市,西村皮膚科神経科神経内科,ニシムラヒフカシンケイカシンケイナイカ,無床診療所,松山市三番町6-5-3,,33.8375048,132.7606224,,,,,,,,,,,,精神科;神経内科;皮膚科;,0,,
382019,2000000183,愛媛県,松山市,愛媛県赤十字血液センター,エヒメケンセキジュウジケツエキセンター,無床診療所,松山市高岡町80-1,,33.8275403,132.7264716,,,,,,,,,,,,内科;,0,,
382019,2000000188,愛媛県,松山市,岡本眼科クリニック,オカモトガンカクリニック,有床診療所,松山市大手町2-7ｰ17,,33.8399164,132.7548359,,,,,,,,,,,,眼科;,19,,
382019,2000000193,愛媛県,松山市,大西内科,オオニシナイカ,無床診療所,松山市三番町5-1-3,,33.8372326,132.7641206,,,,,,,,,,,,内科;,0,,
382019,2000000195,愛媛県,松山市,矢野内科,ヤノナイカ,無床診療所,松山市東長戸1-10ｰ18,,33.868335,132.7522284,,,,,,,,,,,,内科;胃腸科;消化器科;,0,,
382019,2000000196,愛媛県,松山市,大野眼科医院,オオノガンカイイン,無床診療所,松山市一番町2-9-1,,33.8419878,132.7722004,,,,,,,,,,,,眼科;,0,,
382019,2000000198,愛媛県,松山市,味酒心療内科,ミサケシンリョウナイカ,無床診療所,松山市味酒町2-9-9,,33.8441949,132.7555323,,,,,,,,,,,,精神科;心療内科;,0,,
382019,2000000199,愛媛県,松山市,芳村小児科医院,ヨシムラショウニカイイン,無床診療所,松山市保免西1-2-1,,33.8166662,132.7441401,,,,,,,,,,,,小児科;アレルギー科;,0,,
382019,2000000200,愛媛県,松山市,大野皮膚科,オオノヒフカ,無床診療所,松山市南久米町686-8,,33.8119422,132.803491,,,,,,,,,,,,形成外科;皮膚科;,0,,
382019,2000000201,愛媛県,松山市,矢部医院,ヤベイイン,無床診療所,松山市下伊台町1291,,33.8735589,132.7918484,,,,,,,,,,,,内科;胃腸科;放射線科;,0,,
382019,2000000202,愛媛県,松山市,永山内科　循環器内科,ナガヤマナイカジュンカンキナイカ,無床診療所,松山市北梅本町666-2,,33.8055956,132.836841,,,,,,,,,,,,循環器内科;内科,0,,
382019,2000000204,愛媛県,松山市,梅岡レディースクリニック,ウメオカレディースクリニック,有床診療所,松山市竹原町1-3-5,,33.8329628,132.755637,,,,,,,,,,,,産婦人科;,11,,
382019,2000000206,愛媛県,松山市,渡部整形外科,ワタナベセイケイゲカ,有床診療所,松山市古川西1-1ｰ11,,33.8094562,132.7598878,,,,,,,,,,,,整形外科;麻酔科;リハビリテーション科;,19,,
382019,2000000207,愛媛県,松山市,宮崎外科内科,ミヤザキゲカナイカ,無床診療所,松山市南久米町158,,33.8180258,132.8031613,,,,,,,,,,,,内科;胃腸内科;循環器内科;外科;肛門外科;リハビリテーション科;,0,,
382019,2000000208,愛媛県,松山市,岡田産婦人科医院,オカダサンフジンカイイン,無床診療所,松山市余戸東2-13ｰ45,,33.8154957,132.7353336,,,,,,,,,,,,産科;婦人科;,0,,
382019,2000000209,愛媛県,松山市,いずみ整形外科クリニック,イズミセイケイゲカクリニック,無床診療所,松山市衣山1-255-3,,33.8525978,132.744935,,,,,,,,,,,,整形外科;リハビリテーション科;,0,,休止
382019,2000000212,愛媛県,松山市,久野内科,ヒサノナイカ,無床診療所,松山市此花町8ｰ24,,33.8412076,132.7800544,,,,,,,,,,,,内科;呼吸器内科;消化器・胃腸内科;アレルギー科,0,,
382019,2000000213,愛媛県,松山市,正岡産婦人科,マサオカサンフジンカ,無床診療所,松山市鷹子町254-1,,33.8104656,132.8139453,,,,,,,,,,,,産婦人科;,0,,
382019,2000000217,愛媛県,松山市,戸田内科,トダナイカ,無床診療所,松山市西垣生町585,,33.8117348,132.7060274,,,,,,,,,,,,内科;胃腸科;循環器科;,0,,
382019,2000000219,愛媛県,松山市,末光耳鼻咽喉科,スエミツジビインコウカ,無床診療所,松山市平和通1-5-35,,33.8476676,132.7738111,,,,,,,,,,,,耳鼻咽喉科;気管食道科;,0,,
382019,2000000220,愛媛県,松山市,せきやクリニック,セキヤクリニック,無床診療所,松山市西石井2-6ｰ10,,33.8176969,132.771628,,,,,,,,,,,,内科;整形外科;麻酔科;アレルギー科;,0,,
382019,2000000221,愛媛県,松山市,土居循環器科内科,ドイジュンカンキカナイカ,無床診療所,松山市北久米町242,,33.8194831,132.7988791,,,,,,,,,,,,内科;循環器科;,0,,
382019,2000000222,愛媛県,松山市,岡本外科整形外科,オカモトゲカセイケイゲカ,無床診療所,松山市高木町255-1,,33.8851728,132.7415412,,,,,,,,,,,,外科;整形外科;リウマチ科;リハビリテーション科;,0,,
382019,2000000223,愛媛県,松山市,越智クリニック,オチクリニック,有床診療所,松山市清水町1-8ｰ25,,33.8489003,132.7645963,,,,,,,,,,,,内科;外科;整形外科;肛門科;放射線科;リハビリテーション科;,19,,
382019,2000000224,愛媛県,松山市,河田外科脳神経外科医院,カワタゲカノウシンケイゲカイイン,無床診療所,松山市六軒家町3ｰ19,,33.851857,132.7501324,,,,,,,,,,,,外科;脳神経外科;循環器内科;リハビリテーション科;,0,,
382019,2000000225,愛媛県,松山市,河原医院,カワハライイン,有床診療所,松山市高岡町630-3,,33.8311208,132.7158847,,,,,,,,,,,,内科;消化器内科,12,,
382019,2000000226,愛媛県,松山市,徳山皮フ科クリニック,トクヤマヒフカクリニック,無床診療所,松山市余戸東4-3-5,　余土ビル２階,33.8159066,132.7340674,,,,,,,,,,,,皮膚科;,0,,
382019,2000000227,愛媛県,松山市,石手内科,イシテナイカ,有床診療所,松山市紅葉町2ｰ16,,33.8424707,132.7890604,,,,,,,,,,,,内科;消化器科;循環器科;,18,,
382019,2000000228,愛媛県,松山市,一色眼科,イッシキガンカ,有床診療所,松山市小坂5-7ｰ7,,33.8250299,132.7801998,,,,,,,,,,,,眼科;,19,,
382019,2000000230,愛媛県,松山市,大野内科循環器科消化器科,オオノナイカジュンカンキカショウカキカ,無床診療所,松山市松末2-14ｰ3,,33.8253004,132.7898001,,,,,,,,,,,,内科;呼吸器科;消化器科;循環器科;,0,,
382019,2000000231,愛媛県,松山市,冲永内科医院,オキナガナイカイイン,有床診療所,松山市北斎院町85-1,,33.8357817,132.734932,,,,,,,,,,,,内科;呼吸器科;消化器科;循環器科;リハビリテーション科;,19,,
382019,2000000234,愛媛県,松山市,志摩整形外科,シマセイケイゲカ,無床診療所,松山市谷町甲53-1,,33.8760527,132.7517912,,,,,,,,,,,,整形外科;リハビリテーション科;,0,,
382019,2000000235,愛媛県,松山市,白形医院,シラカタイイン,有床診療所,松山市和気町1-81,,33.889688,132.7396587,,,,,,,,,,,,内科;外科;放射線科;,19,,
382019,2000000237,愛媛県,松山市,安城寺クリニック,アンジョウジクリニック,無床診療所,松山市安城寺町1076-5,,33.8784775,132.7416203,,,,,,,,,,,,外科;循環器外科;消化器外科,0,,
382019,2000000238,愛媛県,松山市,仙波内科,センバナイカ,有床診療所,松山市針田町80,,33.8205203,132.7368039,,,,,,,,,,,,内科;呼吸器科;消化器科;循環器科;理学診療科;,19,,
382019,2000000241,愛媛県,松山市,竹内内科胃腸科,タケウチナイカイチョウカ,無床診療所,松山市別府町346-6,,33.8473822,132.7248011,,,,,,,,,,,,内科;胃腸科;循環器科;,0,,
382019,2000000242,愛媛県,松山市,田渕内科医院,タブチナイカイイン,無床診療所,松山市道後今市10ｰ33,,33.8510249,132.7794095,,,,,,,,,,,,内科;呼吸器科;循環器科;放射線科;,0,,
382019,2000000243,愛媛県,松山市,坪井整形外科,ツボイセイケイゲカ,無床診療所,松山市南斎院町53-1,,33.8321662,132.7390927,,,,,,,,,,,,整形外科;リハビリテーション科;リウマチ科;,0,,
382019,2000000247,愛媛県,松山市,町野皮フ科,マチノヒフカ,無床診療所,松山市越智3-8ｰ15,,33.8095775,132.7804176,,,,,,,,,,,,皮膚科;,0,,
382019,2000000249,愛媛県,松山市,東石井クリニック,ヒガシイシイクリニック,無床診療所,松山市東石井2-22ｰ1,,33.8169476,132.7782888,,,,,,,,,,,,内科;循環器外科;,0,,
382019,2000000250,愛媛県,松山市,吉野内科,ヨシノナイカ,無床診療所,松山市平田町19-2,,33.8825891,132.7522707,,,,,,,,,,,,消化器内科;糖尿病内科,0,,
382019,2000000251,愛媛県,松山市,上甲整形外科,ジョウコウセイケイゲカ,無床診療所,松山市福音寺町26ｰ1,,33.8194864,132.7948352,,,,,,,,,,,,整形外科;リウマチ科;,0,,
382019,2000000253,愛媛県,松山市,上田内科,ウエダナイカ,無床診療所,松山市北土居3-15-12,,33.8046343,132.7825708,,,,,,,,,,,,内科;糖尿病内科;,0,,
382019,2000000254,愛媛県,松山市,愛媛県中予保健所,エヒメケンチュウヨホケンショ,無床診療所,松山市北持田町132,,33.8454476,132.776783,,,,,,,,,,,,内科;精神科;歯科;,0,,
382019,2000000255,愛媛県,松山市,浦岡胃腸クリニック,ウラオカイチョウクリニック,有床診療所,松山市石手4-3ｰ10,,33.8441176,132.7931321,,,,,,,,,,,,内科;消化器科;肛門科;,19,,
382019,2000000256,愛媛県,松山市,重見循環器科内科,シゲミジュンカンキカナイカ,無床診療所,松山市古三津5-8ｰ1,,33.8563503,132.7266719,,,,,,,,,,,,内科;循環器科;,0,,
382019,2000000258,愛媛県,松山市,菅井内科,スガイナイカ,無床診療所,松山市一番町3-3-3,,33.8414423,132.7693897,,,,,,,,,,,,内科;精神科,0,,
382019,2000000260,愛媛県,松山市,田原医院,タハライイン,無床診療所,松山市高砂町3-115-5,,33.8534816,132.7621142,,,,,,,,,,,,内科;,0,,
382019,2000000261,愛媛県,松山市,玉井外科・整形外科,タマイゲカセイケイゲカ,有床診療所,松山市森松町598-1,,33.7919413,132.7868443,,,,,,,,,,,,胃腸科;外科;整形外科;麻酔科;理学診療科;肛門科,19,,
382019,2000000262,愛媛県,松山市,玉貫耳鼻咽喉科,タマキジビインコウカ,無床診療所,松山市越智3-7ｰ30,,33.8094904,132.7819382,,,,,,,,,,,,耳鼻咽喉科;アレルギー科;,0,,
382019,2000000264,愛媛県,松山市,船坂眼科,フナサカガンカ,無床診療所,松山市南久米町440-4,,33.8151991,132.799933,,,,,,,,,,,,眼科;,0,,
382019,2000000268,愛媛県,松山市,三宅内科胃腸科,ミヤケナイカイチョウカ,無床診療所,松山市土居田町58-3,,33.8211639,132.7537462,,,,,,,,,,,,内科;胃腸内科;消化器内科内視鏡内科;糖尿病内科,0,,
382019,2000000269,愛媛県,松山市,清家整形外科,セイケセイケイゲカ,無床診療所,松山市小坂1-2ｰ39,,33.8339492,132.7816682,,,,,,,,,,,,外科;整形外科;リハビリテーション科;リウマチ科;,0,,
382019,2000000270,愛媛県,松山市,さなだ眼科,サナダガンカ,無床診療所,松山市東長戸1-8-6,,33.8689562,132.7549269,,,,,,,,,,,,眼科;,0,,
382019,2000000272,愛媛県,松山市,岩﨑内科,イワサキナイカ,無床診療所,松山市高砂町1-3-9,,33.8483415,132.7612545,,,,,,,,,,,,内科;消化器科;循環器科;リハビリテーション科;,0,,
382019,2000000274,愛媛県,松山市,クリニカル樫本内科,クリニカルカシモトナイカ,無床診療所,松山市来住町518,,33.8097353,132.8046381,,,,,,,,,,,,内科;呼吸器科;消化器科;循環器科;心療内科;,0,,
382019,2000000275,愛媛県,松山市,よしおか眼科・さかい産婦人科,ヨシオカガンカ・サカイサンフジンカ,有床診療所,松山市内宮町甲512-9,,33.891718,132.748624,,,,,,,,,,,,眼科;産婦人科;,4,,
382019,2000000276,愛媛県,松山市,沢原産婦人科皮フ科,サワハラサンフジンカヒフカ　,有床診療所,松山市古三津5-4-34,,33.856317,132.7282356,,,,,,,,,,,,皮膚科;産婦人科,3,,
382019,2000000277,愛媛県,松山市,須賀医院,スガイイン,有床診療所,松山市三番町4-2-5,,33.8377958,132.7640964,,,,,,,,,,,,内科;神経内科,19,,
382019,2000000278,愛媛県,松山市,そのだ心療内科,ソノダシンリョウナイカ,無床診療所,松山市和泉南5-1ｰ21,,33.8124481,132.7603444,,,,,,,,,,,,内科;精神科;心療内科,0,,
382019,2000000279,愛媛県,松山市,医療法人米田内科,イリョウホウジンヨネダナイカ,無床診療所,松山市堀江町甲1518-1,,35.086658,133.69081,,,,,,,,,,,,内科;,0,,
382019,2000000284,愛媛県,松山市,藤原整形外科,フジワラセイケイゲカ,有床診療所,松山市余戸東3-11-1,,33.8147433,132.733304,,,,,,,,,,,,整形外科;リウマチ科;リハビリテーション科;,19,,
382019,2000000289,愛媛県,松山市,久米窪田クリニック,クメクボタクリニック,無床診療所,松山市久米窪田町1147,,33.8083717,132.8086178,,,,,,,,,,,,外科;胃腸外科;整形外科;肛門外科;リハビリテーション科,0,,
382019,2000000291,愛媛県,松山市,山本整形外科,ヤマモトセイケイゲカ,有床診療所,松山市内宮町533-4,,33.8922101,132.7486733,,,,,,,,,,,,整形外科;リハビリテーション科;リウマチ科;,19,,
382019,2000000293,愛媛県,松山市,平松循環器科内科,ヒラマツジュンカンキカナイカ,無床診療所,松山市湊町2-1ｰ12,,33.8355644,132.7718776,,,,,,,,,,,,内科;循環器内科;,0,,
382019,2000000296,愛媛県,松山市,福井クリニック,フクイクリニック,無床診療所,松山市柳井町1-15-7,,33.8346166,132.7688569,,,,,,,,,,,,内科;形成外科;麻酔科;,0,,
382019,2000000298,愛媛県,松山市,愛媛県厚生連健診センター,エヒメケンコウセイレンケンシンセンター,無床診療所,松山市鷹子町533-1,,33.8146439,132.8143472,,,,,,,,,,,,内科;循環器科;放射線科;消化器科;,0,,
382019,2000000303,愛媛県,松山市,作道クリニック,サクドウクリニック,無床診療所,松山市一番町2-6-21,　伊予鉄一番町第二ビル２階,33.8417595,132.7716211,,,,,,,,,,,,内科;眼科;アレルギー科;,0,,
382019,2000000305,愛媛県,松山市,森内科,モリナイカ,無床診療所,松山市余戸中2-5-23,,33.8127854,132.7303842,,,,,,,,,,,,内科;,0,,
382019,2000000307,愛媛県,松山市,束村内科医院,ツカムラナイカイイン,無床診療所,松山市若葉町7-21,,33.8571013,132.7169021,,,,,,,,,,,,内科;,0,,
382019,2000000308,愛媛県,松山市,飯尾小児科内科,イイオショウニカナイカ,無床診療所,松山市三番町5-10-15,,33.8382723,132.7641918,,,,,,,,,,,,内科;小児科;,0,,
382019,2000000309,愛媛県,松山市,稲田内科消化器科医院,イナダナイカショウカキカイイン,無床診療所,松山市鴨川3-3ｰ13,,33.8731745,132.748321,,,,,,,,,,,,内科;胃腸科;消化器科;,0,,
382019,2000000311,愛媛県,松山市,桑原内科麻酔科,クワバラナイカマスイカ,無床診療所,松山市桑原町2-8ｰ18,,33.8364749,132.7903757,,,,,,,,,,,,内科;胃腸内科;循環器内科;呼吸器内科;麻酔科;,0,,
382019,2000000313,愛媛県,松山市,中田胃腸科放射線科,ナカタイチョウカホウシャセンカ,無床診療所,松山市南久米町563,,33.8134636,132.7967221,,,,,,,,,,,,内科;呼吸器科;胃腸科;放射線科;,0,,
382019,2000000314,愛媛県,松山市,大塚皮フ科,オオツカヒフカ,無床診療所,松山市南江戸3-4ｰ36,,33.8375114,132.7462587,,,,,,,,,,,,皮膚科;,0,,
382019,2000000315,愛媛県,松山市,馬越循環器科内科,ウマコシジュンカンキカナイカ,無床診療所,松山市居相4-16ｰ20,,33.8084019,132.7683654,,,,,,,,,,,,内科;呼吸器科;消化器科;循環器科;,0,,
382019,2000000316,愛媛県,松山市,岡本耳鼻咽喉科小児科,オカモトジビインコウカショウニカ,無床診療所,松山市山越町2-1ｰ30,,33.8597153,132.7589194,,,,,,,,,,,,小児科;耳鼻咽喉科;気管食道科;,0,,
382019,2000000317,愛媛県,松山市,児玉小児科医院,コダマショウニカイイン,無床診療所,松山市桑原4-13ｰ24,,33.8318222,132.7959667,,,,,,,,,,,,小児科;アレルギー科;,0,,
382019,2000000318,愛媛県,松山市,医療法人社団　近藤内科,コンドウナイカ,無床診療所,松山市中野町甲404,,33.7782824,132.8296628,,,,,,,,,,,,内科;胃腸科;,0,,
382019,2000000320,愛媛県,松山市,徳山内科,トクヤマナイカ,無床診療所,松山市松ﾉ木町1-7ｰ11,,33.8690695,132.7175812,,,,,,,,,,,,内科;消化器科;放射線科;,0,,
382019,2000000322,愛媛県,松山市,久万ノ台診療所,クマノダイシンリョウショ,無床診療所,松山市久万ﾉ台1501,,33.8618111,132.7380176,,,,,,,,,,,,内科;泌尿器科;,0,,
382019,2000000324,愛媛県,松山市,ひろ整形外科,ヒロセイケイゲカ,有床診療所,松山市桑原4-16ｰ11,,33.8305611,132.7959123,,,,,,,,,,,,整形外科;リハビリテーション科;リウマチ科;,19,,
382019,2000000325,愛媛県,松山市,勝岡よねだ内科,カツオカヨネダナイカ,無床診療所,松山市勝岡町36,,33.8965593,132.7296272,,,,,,,,,,,,内科;呼吸器科;胃腸科;,0,,
382019,2000000327,愛媛県,松山市,福原内科医院,フクハラナイカイイン,無床診療所,松山市保免上2-3ｰ10,,33.8156793,132.7501434,,,,,,,,,,,,内科;消化器内科;糖尿病内科;循環器内科;呼吸器内科;,0,,
382019,2000000328,愛媛県,松山市,山岡整形外科,ヤマオカセイケイゲカ,無床診療所,松山市西長戸町275-1,,33.868892,132.743344,,,,,,,,,,,,整形外科;リハビリテーション科;,0,,
382019,2000000329,愛媛県,松山市,矢野産婦人科,ヤノサンフジンカ,有床診療所,松山市昭和町72-1,,33.8469304,132.7771831,,,,,,,,,,,,産婦人科;,19,,
382019,2000000330,愛媛県,松山市,山田小児科医院,ヤマダショウニカイイン,無床診療所,松山市余戸中2-15-30,,33.8155273,132.729997,,,,,,,,,,,,小児科;,0,,
382019,2000000331,愛媛県,松山市,吉岡クリニック,ヨシオカクリニック,無床診療所,松山市古川西3-6-21,,33.8076048,132.7598875,,,,,,,,,,,,皮膚科;泌尿器科;,0,,
382019,2000000333,愛媛県,松山市,くぼた内科循環器科呼吸器科,クボタナイカジュンカンキカコキュウキカ,無床診療所,松山市北梅本町甲3288-1,,33.798378,132.845029,,,,,,,,,,,,内科;呼吸器科;循環器科;,0,,
382019,2000000337,愛媛県,松山市,相原整形外科,アイバラセイケイゲカ,有床診療所,松山市南久米町550-1,,33.8126222,132.7974134,,,,,,,,,,,,整形外科;リハビリテーション科;リウマチ科;,19,,
382019,2000000338,愛媛県,松山市,大瀬戸医院,オオセトイイン,無床診療所,松山市清水町3-157-2,,33.8527033,132.7637729,,,,,,,,,,,,内科;皮膚科;リウマチ科;アレルギー科;,0,,
382019,2000000340,愛媛県,松山市,小田ひ尿器科・ふみこ皮フ科,オダヒニョウキカ・フミコヒフカ,有床診療所,松山市枝松6-12ｰ10,,33.826264,132.7838669,,,,,,,,,,,,泌尿器科;皮膚科,19,,
382019,2000000341,愛媛県,松山市,中西内科医院,ナカニシナイカイイン,無床診療所,松山市築山町8-17,,33.8380523,132.7785919,,,,,,,,,,,,内科;消化器科;循環器科;,0,,
382019,2000000343,愛媛県,松山市,千舟町クリニック,チフネマチクリニック,有床診療所,松山市千舟町6-4-9,,33.8370476,132.7589942,,,,,,,,,,,,内科;外科;麻酔科;ペインクリニック内科;,3,,
382019,2000000344,愛媛県,松山市,松村内科クリニック,マツムラナイカクリニック,無床診療所,松山市六軒家町4ｰ21,,33.8518713,132.7518447,,,,,,,,,,,,内科;消化器科;循環器科;,0,,
382019,2000000345,愛媛県,松山市,森野内科クリニック,モリノナイカクリニック,無床診療所,松山市柳井町1-11-12,,33.8339538,132.7697953,,,,,,,,,,,,内科;胃腸科;,0,,
382019,2000000346,愛媛県,松山市,友愛医院,ユウアイイイン,無床診療所,松山市水泥町90-1,,33.7992004,132.830191,,,,,,,,,,,,内科;呼吸器科;胃腸科;循環器科;小児科;外科;リハビリテーション科;,0,,
382019,2000000348,愛媛県,松山市,桑折皮膚科・内科,コオリヒフカ・ナイカ,無床診療所,松山市道後北代2ｰ24,,33.8519988,132.7774926,,,,,,,,,,,,皮膚科;内科,0,,
382019,2000000351,愛媛県,松山市,山下脳神経外科,ヤマシタノウシンケイゲカ,有床診療所,松山市西長戸町160,,33.8670157,132.7452706,,,,,,,,,,,,脳神経外科;リハビリテーション科;,19,,
382019,2000000353,愛媛県,松山市,久保内科循環器クリニック,クボナイカジュンカンキクリニック,無床診療所,松山市鴨川1-2ｰ11,,33.8713979,132.7532182,,,,,,,,,,,,内科;,0,,
382019,2000000354,愛媛県,松山市,あべ眼科クリニック,アベガンカクリニック,無床診療所,松山市古三津1-24-25,,33.8617697,132.7237755,,,,,,,,,,,,眼科;,0,,
382019,2000000357,愛媛県,松山市,吉田眼科,ヨシダガンカ,有床診療所,松山市道後町2-1-12,,33.8477076,132.7819893,,,,,,,,,,,,眼科;,10,,
382019,2000000359,愛媛県,松山市,和泉クリニック,イズミクリニック,有床診療所,松山市和泉南5-4ｰ28,,33.8123442,132.7592948,,,,,,,,,,,,胃腸科;外科;整形外科;,19,,
382019,2000000360,愛媛県,松山市,木村クリニック,キムラクリニック,無床診療所,松山市一番町1-7-6,,33.8407045,132.7744197,,,,,,,,,,,,内科;呼吸器科;胃腸科;放射線科;,0,,
382019,2000000361,愛媛県,松山市,藤原耳鼻咽喉科,フジワラジビインコウカ,無床診療所,松山市保免中3-8ｰ22,,33.8152671,132.7482818,,,,,,,,,,,,耳鼻咽喉科;,0,,
382019,2000000362,愛媛県,松山市,さんき整形外科,サンキセイケイゲカ,無床診療所,松山市三杉町1ｰ13,,33.862399,132.7225005,,,,,,,,,,,,整形外科;リハビリテーション科;リウマチ科;,0,,
382019,2000000366,愛媛県,松山市,吉松小児科,ヨシマツショウニカ,無床診療所,松山市中一万町7-2,,33.8469677,132.7738035,,,,,,,,,,,,小児科;,0,,
382019,2000000367,愛媛県,松山市,今村循環器科内科,イマムラジュンカンキカナイカ,無床診療所,松山市古川西2-3ｰ23,,33.8092544,132.759419,,,,,,,,,,,,内科;循環器科;,0,,
382019,2000000368,愛媛県,松山市,とよしま胃腸内科クリニック,トヨシマイチョウナイカクリニック,無床診療所,松山市道後一万3ｰ7,,33.8476752,132.7766674,,,,,,,,,,,,内科;消化器内科;胃腸内科,0,,
382019,2000000369,愛媛県,松山市,たいさんじ整形外科,タイサンジセイケイゲカ,有床診療所,松山市太山寺町912-21,,33.8955573,132.730214,,,,,,,,,,,,整形外科;リハビリテーション科;リウマチ科;,19,,
382019,2000000370,愛媛県,松山市,青江内科クリニック,アオエナイカクリニック,無床診療所,松山市安城寺町130-5,,33.8710385,132.7447282,,,,,,,,,,,,内科;循環器科;,0,,
382019,2000000371,愛媛県,松山市,特別養護老人ホーム幸富久荘診療所,トクベツヨウゴロウジンホームコウフクソウシンリョウ,無床診療所,松山市富久町412-1,,33.8197432,132.7249909,,,,,,,,,,,,内科;外科;整形外科;,0,,
382019,2000000376,愛媛県,松山市,柳井内科クリニック,ヤナイナイカクリニック,無床診療所,松山市道後湯之町3-10,,33.8503939,132.7854412,,,,,,,,,,,,内科;,0,,
382019,2000000377,愛媛県,松山市,横田整形外科・リウマチ科,ヨコタセイケイゲカリウマチカ,有床診療所,松山市千舟町1-1-5,,33.8361145,132.7731551,,,,,,,,,,,,整形外科;リハビリテーション科;リウマチ科;,19,,
382019,2000000379,愛媛県,松山市,芝内科消化器科医院,シバナイカショウカキカイイン,無床診療所,松山市小栗5-5ｰ2,,33.8277646,132.7581142,,,,,,,,,,,,内科;消化器科;放射線科;,0,,
382019,2000000381,愛媛県,松山市,せごえ耳鼻咽喉科,セゴエジビインコウカ,無床診療所,松山市石風呂町1ｰ20,,33.8697181,132.7163157,,,,,,,,,,,,耳鼻咽喉科;,0,,
382019,2000000383,愛媛県,松山市,余戸クリニック,ヨウゴクリニック,無床診療所,松山市余戸中2-14ｰ3,,33.8148615,132.7307502,,,,,,,,,,,,内科;循環器科;,0,,
382019,2000000384,愛媛県,松山市,野井内科,ノイナイカ,無床診療所,松山市古川西2-7ｰ23,,33.8084855,132.7574607,,,,,,,,,,,,内科;呼吸器科;胃腸科;放射線科;,0,,
382019,2000000385,愛媛県,松山市,野村胃腸科内科医院,ノムライチョウカナイカイイン,無床診療所,松山市古川西2-8-1,,33.808791,132.7585684,,,,,,,,,,,,内科;胃腸科;,0,,
382019,2000000386,愛媛県,松山市,特別養護老人ホーム梅本の里診療所,トクベツヨウゴロウジンホームウメモトノサトシンリョウジョ,無床診療所,松山市北梅本町1624-1,,33.8145898,132.8532041,,,,,,,,,,,,内科;,0,,
382019,2000000390,愛媛県,松山市,衣山クリニック,キヌヤマクリニック,有床診療所,松山市衣山2-2ｰ25,,33.8523548,132.7433604,,,,,,,,,,,,泌尿器科（人工透析）,16,,
382019,2000000391,愛媛県,松山市,さくらクリニック,サクラクリニック,無床診療所,松山市千舟町5-2-6,,33.8365919,132.7634658,,,,,,,,,,,,形成外科;美容外科;外科;美容皮膚科,0,,
382019,2000000392,愛媛県,松山市,佐々木整形外科,ササキセイケイゲカ,有床診療所,松山市余戸南5-4ｰ1,,33.8082862,132.7257019,,,,,,,,,,,,整形外科;リハビリテーション科;リウマチ科;,19,,
382019,2000000393,愛媛県,松山市,藤原胃腸科,フジワライチョウカ,無床診療所,松山市中央2-1236-5,,33.8552653,132.7446047,,,,,,,,,,,,内科;呼吸器内科;胃腸内科;放射線科;,0,,
382019,2000000394,愛媛県,松山市,まつうら小児科,マツウラショウニカ,無床診療所,松山市愛光町1ｰ8,,33.8450819,132.7504977,,,,,,,,,,,,小児科;,0,,
382019,2000000395,愛媛県,松山市,松本耳鼻咽喉科,マツモトジビインコウカ,無床診療所,松山市桑原町1-4ｰ48,,33.8347435,132.7899799,,,,,,,,,,,,耳鼻咽喉科;,0,,
382019,2000000396,愛媛県,松山市,山口耳鼻咽喉科クリニック,ヤマグチジビインコウカクリニック,無床診療所,松山市余戸中1-2-1,,33.8136772,132.7317319,,,,,,,,,,,,耳鼻咽喉科;気管食道科;,0,,
382019,2000000397,愛媛県,松山市,医療法人和仁会 門田内科循環器科医院,カドタナイカジュンカンキカイイン,有床診療所,松山市井門町574-1,,33.8014534,132.7812061,,,,,,,,,,,,内科;循環器科;,19,,休止
382019,2000000398,愛媛県,松山市,たけだ泌尿器科クリニック,タケダヒニョウキカクリニック,無床診療所,松山市鷹子町222-1,,33.8102062,132.8126324,,,,,,,,,,,,泌尿器科;性病科;,0,,
382019,2000000402,愛媛県,松山市,高岡耳鼻咽喉科,タカオカジビインコウカ,無床診療所,松山市北久米町477-14,,33.8158892,132.7982879,,,,,,,,,,,,耳鼻咽喉科;,0,,
382019,2000000403,愛媛県,松山市,長井医院　整形外科・内科,ナガイイイン　セイケイゲカ・ナイカ,無床診療所,松山市築山町7-11,,33.8382582,132.7781307,,,,,,,,,,,,整形外科;リハビリテーション科;内科,0,,
382019,2000000405,愛媛県,松山市,城北診療所,ジョウホクシンリョウショ,無床診療所,松山市姫原3-7-17,,33.8654118,132.7572108,,,,,,,,,,,,内科,0,,
382019,2000000409,愛媛県,松山市,ごとう小児科,ゴトウショウニカ,無床診療所,松山市大手町2-7-11,,33.8397764,132.7550648,,,,,,,,,,,,小児科;,0,,
382019,2000000411,愛媛県,松山市,明星クリニック,ミョウジョウクリニック,有床診療所,松山市井門町462-1,,33.8001518,132.7848679,,,,,,,,,,,,内科;リハビリテーション科;麻酔科,19,,
382019,2000000413,愛媛県,松山市,岡本医院,オカモトイイン,無床診療所,松山市住吉2-2-5,,33.8628561,132.7155096,,,,,,,,,,,,内科;循環器科;,0,,
382019,2000000416,愛媛県,松山市,笹木眼科,ササキガンカ,無床診療所,松山市千舟町5-3-2,,33.8365979,132.7629674,,,,,,,,,,,,眼科;,0,,
382019,2000000417,愛媛県,松山市,向井内科クリニック,ムカイナイカクリニック,無床診療所,松山市二番町4-4-11,,33.8398672,132.7678001,,,,,,,,,,,,内科;消化器科;,0,,
382019,2000000418,愛媛県,松山市,金澤整形外科,カナザワセイケイゲカ,有床診療所,松山市小村町87-6,,33.7777139,132.8148161,,,,,,,,,,,,整形外科;リハビリテーション科;リウマチ科;美容外科,19,,
382019,2000000419,愛媛県,松山市,福井整形外科・麻酔科医院,フクイセイケイゲカマスイカイイン,有床診療所,松山市久米窪田町784-1,,33.8066905,132.812132,,,,,,,,,,,,整形外科;リハビリテーション科;麻酔科;リウマチ科;,19,,
382019,2000000420,愛媛県,松山市,和田医院,ワダイイン,無床診療所,松山市西垣生町776-3,,33.814407,132.7076102,,,,,,,,,,,,内科;,0,,
382019,2000000421,愛媛県,松山市,特別養護老人ホーム道後医務室,トクベツヨウゴロウジンホームドウゴイムシツ,無床診療所,松山市溝辺町乙539-1,,33.853043,132.802721,,,,,,,,,,,,内科,0,,
382019,2000000427,愛媛県,松山市,かんだ内科消化器科循環器科,カンダナイカショウカキカジュンカンキカ,無床診療所,松山市北久米町97-1,,33.822757,132.8017512,,,,,,,,,,,,内科;消化器科;循環器科;,0,,
382019,2000000431,愛媛県,松山市,竹宮皮フ科,タケミヤヒフカ,無床診療所,松山市空港通4-8ｰ3,,33.8285844,132.7367425,,,,,,,,,,,,皮膚科;,0,,
382019,2000000432,愛媛県,松山市,椿クリニック,ツバキクリニック,無床診療所,松山市市坪南1-5ｰ26,,33.809329,132.7547438,,,,,,,,,,,,消化器科;外科;,0,,
382019,2000000434,愛媛県,松山市,浮穴診療所,ウケナシンリョウショ,無床診療所,松山市森松町658ｰ3,,33.7913011,132.7884082,,,,,,,,,,,,内科;循環器科;,0,,
382019,2000000438,愛媛県,松山市,石丸小児科,イシマルショウニカ,有床診療所,松山市三番町6-5-1,,33.8374827,132.7609494,,,,,,,,,,,,小児科;アレルギー科小児神経内科,19,,
382019,2000000439,愛媛県,松山市,公益財団法人愛媛県総合保健協会診療所,エヒメケンソウゴウホケンキョウカイシンリョウジョ,無床診療所,松山市味酒町1-10-5,,33.8422913,132.7551557,,,,,,,,,,,,呼吸器科;循環器科;胃腸科;婦人科;,0,,
382019,2000000442,愛媛県,松山市,松山市保健所,マツヤマシホケンショ,無床診療所,松山市萱町6-30-5,,33.8524566,132.7577232,,,,,,,,,,,,内科;小児科;歯科;,0,,
382019,2000000447,愛媛県,松山市,しののめクリニック,シノノメクリニック,無床診療所,松山市東雲町6-11,,33.8454587,132.7730562,,,,,,,,,,,,精神科;神経科;心療内科,0,,
382019,2000000448,愛媛県,松山市,河村耳鼻咽喉科クリニック,カワムラジビインコウカクリニック,無床診療所,松山市久米窪田町1170-1,,33.8089467,132.8065796,,,,,,,,,,,,耳鼻咽喉科;,0,,
382019,2000000458,愛媛県,松山市,かどた耳鼻咽喉科クリニック,カドタジビインコウカクリニック,無床診療所,松山市北斎院町928-3,,33.8409521,132.7241172,,,,,,,,,,,,耳鼻咽喉科;気管食道科;アレルギー科;,0,,
382019,2000000459,愛媛県,松山市,高橋眼科,タカハシガンカ,無床診療所,松山市余戸東4-3ｰ5,,33.8159066,132.7340674,,,,,,,,,,,,眼科;,0,,
382019,2000000462,愛媛県,松山市,宮内内科医院,ミヤウチナイカイイン,無床診療所,松山市北久米町1101-1,,33.8114904,132.790083,,,,,,,,,,,,内科;胃腸科;循環器科;アレルギー科;,0,,
382019,2000000466,愛媛県,松山市,特別養護老人ホーム安寿荘診療所,トクベツヨウゴロウジンホームアンジュソウシンリョウショ,無床診療所,松山市安城寺町1673-1,,33.8863527,132.7368142,,,,,,,,,,,,内科;外科;,0,,
382019,2000000469,愛媛県,松山市,障害者支援施設アイル医務室,ショウガイシャシエンシセツアイルイムシツ,無床診療所,松山市中野町甲589,総合福祉施設アイル内,33.779124,132.820059,,,,,,,,,,,,内科;,0,,
382019,2000000471,愛媛県,松山市,三好神経内科,ミヨシシンケイナイカ,無床診療所,松山市平和通1-4-11,,33.8479091,132.7722861,,,,,,,,,,,,精神科;神経科;神経内科;,0,,
382019,2000000472,愛媛県,松山市,星島内科医院,ホシジマナイカイイン,無床診療所,松山市余戸西4-16ｰ10,,33.8191606,132.7206002,,,,,,,,,,,,内科;消化器科;呼吸器科;循環器科;アレルギー科;,0,,
382019,2000000474,愛媛県,松山市,増田整形外科,マスダセイケイゲカ,有床診療所,松山市南梅本町1136-の2,,33.7976052,132.8321275,,,,,,,,,,,,整形外科;リハビリテーション科;リウマチ科;,19,,
382019,2000000475,愛媛県,松山市,済生会姫原特別養護老人ホーム医務室,サイセイカイヒメバラトクベツヨウゴロウジンホームイムシツ,無床診療所,松山市姫原1-1656,,33.867731,132.7647613,,,,,,,,,,,,内科;精神科,0,,
382019,2000000477,愛媛県,松山市,光宗クリニック,ミツムネクリニック,無床診療所,松山市勝山町2-5-4,,33.8426282,132.7755962,,,,,,,,,,,,心療内科;精神科,0,,
382019,2000000483,愛媛県,松山市,白石クリニック,シライシクリニック,無床診療所,松山市高岡町619-5,,33.8307155,132.7173405,,,,,,,,,,,,眼科;消化器科;外科;,0,,
382019,2000000489,愛媛県,松山市,かない循環器科・内科クリニック,カナイジュンカンキカ・ナイカクリニック,無床診療所,松山市中須賀町1-1ｰ26,,33.8642823,132.7257032,,,,,,,,,,,,循環器科;内科;,0,,
382019,2000000491,愛媛県,松山市,平井こどもクリニック,ヒライコドモクリニック,無床診療所,松山市和気町1-714-3,,33.8962511,132.7368157,,,,,,,,,,,,小児科;アレルギー科;,0,,
382019,2000000492,愛媛県,松山市,土居外科胃腸科医院,ドイゲカイチョウカイイン,無床診療所,松山市平井町甲3256-1,,33.8067686,132.818436,,,,,,,,,,,,胃腸科;肛門科;外科;リハビリテーション科;,0,,
382019,2000000493,愛媛県,松山市,渡辺泌尿器科内科,ワタナベヒニョウキカナイカ,無床診療所,松山市山越町445-1,,33.8547181,132.7558634,,,,,,,,,,,,泌尿器科;内科;,0,,
382019,2000000494,愛媛県,松山市,福井耳鼻咽喉科クリニック,フクイジビインコウカクリニック,無床診療所,松山市安城寺町523-1,,33.8742497,132.740548,,,,,,,,,,,,耳鼻咽喉科;アレルギー科;気管食道科;,0,,
382019,2000000496,愛媛県,松山市,福岡小児科・アレルギー科,フクオカショウニカ・アレルギーカ,無床診療所,松山市三津2-12ｰ20,,33.8650516,132.7133121,,,,,,,,,,,,小児科;アレルギー科;,0,,
382019,2000000497,愛媛県,松山市,野本耳鼻咽喉科,ノモトジビインコウカ,無床診療所,松山市松末2-13-1,,33.8250765,132.7889801,,,,,,,,,,,,耳鼻咽喉科;,0,,
382019,2000000499,愛媛県,松山市,ていれぎ荘診療所（医務室）,テイレギソウシンリョウショ（イムシツ）,無床診療所,松山市水泥町405-1,　特別養護老人ホームていれぎ荘内,33.8014249,132.8218558,,,,,,,,,,,,内科;精神科;,0,,
382019,2000000500,愛媛県,松山市,三番町メンタルクリニック,サンバンチョウメンタルクリニック,無床診療所,松山市三番町4-4-9,,33.8377958,132.7640964,,,,,,,,,,,,心療内科;神経科;精神科;,0,,
382019,2000000501,愛媛県,松山市,大島眼科,オオシマガンカ,有床診療所,松山市福音寺町25-1,,33.8198618,132.794959,,,,,,,,,,,,眼科;,3,,
382019,2000000503,愛媛県,松山市,河野内科,コウノナイカ,無床診療所,松山市千舟町2-7-1,,33.8367017,132.7724348,,,,,,,,,,,,内科;消化器科;循環器科;放射線科;,0,,
382019,2000000505,愛媛県,松山市,竹尾クリニック,タケオクリニック,無床診療所,松山市千舟町3-1-4,チソクビル３階,33.8365032,132.7693541,,,,,,,,,,,,心療内科;精神科;神経科;,0,,
382019,2000000509,愛媛県,松山市,しもわけ眼科,シモワケガンカ,無床診療所,松山市保免西3-9ｰ24,,33.8150847,132.7432871,,,,,,,,,,,,眼科;,0,,
382019,2000000511,愛媛県,松山市,姫原クリニック,ヒメバラクリニック,無床診療所,松山市姫原1-2ｰ29,,33.8651053,132.7614412,,,,,,,,,,,,麻酔科;ペインクリニック内科;,0,,
382019,2000000512,愛媛県,松山市,小国皮フ科医院,オグニヒフカイイン,無床診療所,松山市森松町946-3,,33.7950991,132.794127,,,,,,,,,,,,皮膚科;,0,,
382019,2000000513,愛媛県,松山市,興居島診療所,ゴゴシマシンリョウショ,無床診療所,松山市由良町1165-2,,33.9033608,132.6814859,,,,,,,,,,,,内科;,0,,
382019,2000000514,愛媛県,松山市,眼科にしむら医院,ガンカニシムライイン,無床診療所,松山市湊町4-7-5,,33.835842,132.7673673,,,,,,,,,,,,眼科;,0,,
382019,2000000515,愛媛県,松山市,りつりん館アドバンス診療所,リツリンカンアドバンスシンリョウショ,無床診療所,松山市畑寺町丙1-2,,33.833195,132.80356,,,,,,,,,,,,内科;,0,,
382019,2000000518,愛媛県,松山市,和光苑診療所,ワコウエンシンリョウショ,無床診療所,松山市井門町1099,特別養護老人ホーム和光苑内,33.796662,132.7771643,,,,,,,,,,,,内科;外科;消化器科;リハビリテーション科;,0,,
382019,2000000520,愛媛県,松山市,本町クリニック内科・循環器科,ホンマチクリニックナイカジュンカンキカ,無床診療所,松山市本町6-6-7,,33.8531663,132.7584361,,,,,,,,,,,,内科;循環器科;,0,,
382019,2000000521,愛媛県,松山市,喜多岡整形外科クリニック,キタオカセイケイゲカクリニック,無床診療所,松山市雄郡2-9-33,,33.8300776,132.753997,,,,,,,,,,,,整形外科;リハビリテーション科;リウマチ科;,0,,
382019,2000000525,愛媛県,松山市,和気クリニック,ワケクリニック,無床診療所,松山市太山寺町1117-1,,33.8887842,132.7313985,,,,,,,,,,,,外科;,0,,
382019,2000000526,愛媛県,松山市,くす小児科,クスショウニカ,無床診療所,松山市西長戸町274-2,,33.8689399,132.7428345,,,,,,,,,,,,小児科;アレルギー科;,0,,
382019,2000000534,愛媛県,松山市,ひまわりこどもクリニック,ヒマワリコドモクリニック,無床診療所,松山市福音寺町3-8,,33.8201394,132.7972602,,,,,,,,,,,,小児科;,0,,
382019,2000000535,愛媛県,松山市,わたなべ皮ふ科形成外科,ワタナベヒフカケイセイゲカ,無床診療所,松山市土居田町311-7,,33.8219602,132.747992,,,,,,,,,,,,皮膚科;形成外科;,0,,
382019,2000000536,愛媛県,松山市,山田整形外科医院,ヤマダセイケイゲカイイン,無床診療所,松山市二番町1-9-17,,33.8398454,132.7729313,,,,,,,,,,,,整形外科;リウマチ科;リハビリテーション科;,0,,
382019,2000000537,愛媛県,松山市,いとう小児科,イトウショウニカ,無床診療所,松山市土居町805-1,,33.798244,132.7865598,,,,,,,,,,,,小児科;アレルギー科;,0,,
382019,2000000538,愛媛県,松山市,福井ウィメンズクリニック,フクイウィメンズクリニック,有床診療所,松山市星岡4-2-7,,33.8120175,132.7882367,,,,,,,,,,,,産婦人科;泌尿器科,14,,
382019,2000000539,愛媛県,松山市,宮内皮フ科クリニック,ミヤウチヒフカクリニック,無床診療所,松山市北梅本町甲899-4,,33.8056655,132.8435992,,,,,,,,,,,,皮膚科;,0,,
382019,2000000541,愛媛県,松山市,たんぽぽクリニック,タンポポクリニック,有床診療所,松山市別府町444ｰ1,,33.8442863,132.722616,,,,,,,,,,,,内科;歯科,16,,
382019,2000000543,愛媛県,松山市,むねた内科循環器科,ムネタナイカジュンカンキカ,無床診療所,松山市平和通1-3-5,,33.8471986,132.7724305,,,,,,,,,,,,内科;循環器科;,0,,休止
382019,2000000545,愛媛県,松山市,障害者支援施設　スマイル医務室,ショウガイシャシエンシセツスマイルイムシツ,無床診療所,松山市余戸南6-5ｰ3,障害者支援施設　スマイル内,33.8112104,132.7199385,,,,,,,,,,,,内科;,0,,
382019,2000000548,愛媛県,松山市,日野内科・消化器科,ヒノナイカ・ショウカキカ,無床診療所,松山市余戸東5-2ｰ5,,33.815812,132.7390099,,,,,,,,,,,,内科;消化器科,0,,
382019,2000000552,愛媛県,松山市,一般社団法人日本健康倶楽部エヒメ支部松山診療所,ニホンケンコウクラブエヒメシブマツヤマシンリョウショ,無床診療所,松山市高岡町90-5,,33.8295351,132.7253151,,,,,,,,,,,,内科;放射線科;,0,,
382019,2000000553,愛媛県,松山市,宮内消化器科内科,ミヤウチショウカキカナイカ,無床診療所,松山市溝辺町甲627,,33.8514246,132.8034994,,,,,,,,,,,,内科;消化器科;胃腸科,0,,
382019,2000000554,愛媛県,松山市,松山市急患医療センター,マツヤマシキュウカンイリョウセンター,無床診療所,松山市萱町6-30-1,,33.8518105,132.75729,,,,,,,,,,,,内科;小児科;,0,,
382019,2000000555,愛媛県,松山市,くめ内科クリニック,クメナイカクリニック,無床診療所,松山市山西町152-16,,33.8529777,132.7272923,,,,,,,,,,,,内科;胃腸科;呼吸器科;,0,,
382019,2000000557,愛媛県,松山市,花クリニック内科・リハビリテーション科,ハナクリニックナイカ・リハビリテーションカ,無床診療所,松山市安城寺町522-1,,33.8742348,132.7407843,,,,,,,,,,,,神経内科;内科;リハビリテーション科,0,,
382019,2000000561,愛媛県,松山市,西川内科・消化器クリニック,ニシカワナイカ・ショウカキクリニック,無床診療所,松山市勝山町2-72,,33.843661,132.7759151,,,,,,,,,,,,内科;胃腸科;消化器科;,0,,
382019,2000000562,愛媛県,松山市,遠藤内科医院,エンドウナイカイイン,無床診療所,松山市永代町3-4,,33.8340323,132.7611774,,,,,,,,,,,,内科;循環器科;胃腸科;,0,,
382019,2000000563,愛媛県,松山市,いかわ整形外科,イカワセイケイゲカ,無床診療所,松山市和泉南1-5ｰ8,,33.818046,132.7659602,,,,,,,,,,,,整形外科;リハビリテーション科;リウマチ科;,0,,
382019,2000000564,愛媛県,松山市,佐伯皮ふ科・形成外科,サエキヒフカ・ケイセイゲカ,無床診療所,松山市束本1-6ｰ22,,33.8332818,132.7866925,,,,,,,,,,,,皮膚科;形成外科;,0,,
382019,2000000566,愛媛県,松山市,渡辺内科クリニック,ワタナベナイカクリニック,無床診療所,松山市東野1-8ｰ52,,33.8436691,132.7970529,,,,,,,,,,,,内科;呼吸器内科;アレルギー科;心療内科;漢方内科,0,,
382019,2000000568,愛媛県,松山市,いよてつ髙島屋診療所,イヨテツタカシマヤシンリョウジョ,無床診療所,松山市永代町10-4,,33.8347996,132.7626763,,,,,,,,,,,,内科;,0,,
382019,2000000573,愛媛県,松山市,鶴井消化器科内科外科,ツルイショウカキカナイカゲカ,無床診療所,松山市東石井6-1ｰ12,,33.8094142,132.7786849,,,,,,,,,,,,内科;消化器科;外科;整形外科;肛門科;,0,,
382019,2000000574,愛媛県,松山市,ベテル三番町クリニック,ベテルサンバンチョウクリニック,無床診療所,松山市三番町3-4-12,,33.8374435,132.7686457,,,,,,,,,,,,内科;外科;脳神経外科;胃腸内科;整形外科;精神科;神経内科;,0,,
382019,2000000575,愛媛県,松山市,よしだ小児科,ヨシダショウニカ,無床診療所,松山市道後一万3ｰ一3,,33.8475889,132.777181,,,,,,,,,,,,小児科;,0,,
382019,2000000579,愛媛県,松山市,特別養護老人ホームであい医務室,トクベツヨウゴロウジンホームデアイイムシツ,無床診療所,松山市余戸南5-3-18,,33.8084867,132.7247316,,,,,,,,,,,,内科;,0,,
382019,2000000580,愛媛県,松山市,どい心療内科,ドイシンリョウナイカ,無床診療所,松山市一番町2-5-30,一番町SAORIビル３F,33.8411098,132.7714032,,,,,,,,,,,,心療内科;精神科;内科;,0,,
382019,2000000583,愛媛県,松山市,新田産婦人科クリニック,ニッタサンフジンカクリニック,有床診療所,松山市湊町4-1-6,,33.835339,132.7671289,,,,,,,,,,,,産婦人科;,2,,
382019,2000000586,愛媛県,松山市,たぼ麻酔科クリニック,タボマスイカクリニック,無床診療所,松山市古川北3-19ｰ5,,33.8112504,132.7614917,,,,,,,,,,,,麻酔科;リハビリテーション科;,0,,
382019,2000000587,愛媛県,松山市,とりかい眼科クリニック,トリカイガンカクリニック,無床診療所,松山市宮西1-3ｰ29,,33.8452736,132.751582,,,,,,,,,,,,眼科;,0,,
382019,2000000589,愛媛県,松山市,特別養護老人ホーム　聖マルチンの家診療所,トクベツヨウゴロウジンホーム　セイマルチンノイエシンリョウショ,無床診療所,松山市中西内250-2,,33.9736806,132.7823457,,,,,,,,,,,,内科;,0,,
382019,2000000591,愛媛県,松山市,田中医院,タナカイイン,無床診療所,松山市北条辻267-5,,33.9740879,132.7747603,,,,,,,,,,,,整形外科;リハビリテーション科;,0,,
382019,2000000592,愛媛県,松山市,檜垣小児科内科医院,ヒガキショウニカナイカイイン,無床診療所,松山市北条辻415-3,,33.9736828,132.7753958,,,,,,,,,,,,小児科;内科;胃腸科;循環器科;放射線科;,0,,
382019,2000000593,愛媛県,松山市,松木医院,マツキイイン,無床診療所,松山市北条辻318-1,,33.9737882,132.7774837,,,,,,,,,,,,内科;小児科;消化器科;放射線科;,0,,休止
382019,2000000595,愛媛県,松山市,高橋医院,タカハシイイン,無床診療所,松山市北条辻1377-1,,33.9757728,132.7750252,,,,,,,,,,,,内科;循環器内科,0,,
382019,2000000596,愛媛県,松山市,岡田皮膚科医院,オカダヒフカイイン,無床診療所,松山市土手内201-2,,33.9701044,132.772028,,,,,,,,,,,,皮膚科;,0,,休止
382019,2000000597,愛媛県,松山市,中川循環器科内科,ナカガワジュンカンキカナイカ,有床診療所,松山市苞木甲8-1,,33.943779,132.768365,,,,,,,,,,,,循環器内科;内科;,3,,
382019,2000000604,愛媛県,松山市,こおり心療内科,コオリシンリョウナイカ,無床診療所,松山市中央1-12-38,,33.8554629,132.7519458,,,,,,,,,,,,心療内科;精神科,0,,
382019,2000000605,愛媛県,松山市,特別養護老人ホーム高縄荘医務室,トクベツヨウゴロウジンホームタカナワソウイムシツ,無床診療所,松山市立岩中村甲345,,33.967259,132.8564773,,,,,,,,,,,,内科;整形外科;,0,,
382019,2000000606,愛媛県,松山市,みやもとクリニック,ミヤモトクリニック,有床診療所,松山市府中800-1,,33.9568036,132.7760029,,,,,,,,,,,,消化器内科;内視鏡内科;内科;心療内科;,19,,休止
382019,2000000607,愛媛県,松山市,清家眼科,セイケガンカ,無床診療所,松山市河野中須賀126,,33.9469988,132.7723542,,,,,,,,,,,,眼科;,0,,
382019,2000000608,愛媛県,松山市,久我耳鼻咽喉科医院,クガジビインコウカイイン,無床診療所,松山市北条辻826-5,,33.9659104,132.7762438,,,,,,,,,,,,耳鼻咽喉科;気管食道科;アレルギー科;,0,,
382019,2000000609,愛媛県,松山市,北条フェニックス脳神経外科,ホウジョウフェニックスノウシンケイゲカ,無床診療所,松山市北条辻609-1,,33.9674446,132.7728388,,,,,,,,,,,,脳神経外科;神経内科;リハビリテーション科;,0,,
382019,2000000610,愛媛県,松山市,田辺医院,タナベイイン,無床診療所,松山市北条辻13-4,,33.9768007,132.7782856,,,,,,,,,,,,内科;呼吸器科;循環器科;,0,,
382019,2000000611,愛媛県,松山市,内田クリニック,ウチダクリニック,無床診療所,松山市河野別府705-1,,33.9582574,132.7828063,,,,,,,,,,,,内科;胃腸科;循環器科;皮膚科;放射線科;,0,,
382019,2000000612,愛媛県,松山市,村上ひ尿器科皮ふ科,ムラカミヒニョウキカヒフカ,無床診療所,松山市鹿峰232,,33.942493,132.7687704,,,,,,,,,,,,泌尿器科;皮膚科;,0,,
382019,2000000613,愛媛県,松山市,福井内科呼吸器科クリニック,フクイナイカコキュウキカクリニック,無床診療所,松山市鹿峰字塚田99-1,,33.938463,132.772407,,,,,,,,,,,,内科;呼吸器科;アレルギー科;,0,,
382019,2000000614,愛媛県,松山市,かざはやクリニック,カザハヤクリニック,無床診療所,松山市中西内618,,33.9695669,132.7863303,,,,,,,,,,,,内科;循環器内科;消化器内科,0,,
382019,2000000615,愛媛県,松山市,三好整形外科医院,ミヨシセイケイゲカイイン,無床診療所,松山市小川甲82,,33.9276628,132.7642732,,,,,,,,,,,,整形外科;リハビリテーション科;,0,,
382019,2000000616,愛媛県,松山市,特別養護老人ホーム姫ヶ浜荘診療所,トクベツヨウゴロウジンホームヒメガハマソウシンリョウジョ,無床診療所,松山市長師156,,33.9587386,132.6266046,,,,,,,,,,,,内科;外科;,0,,
382019,2000000620,愛媛県,松山市,二宮皮フ科クリニック,ニノミヤヒフカクリニック,無床診療所,松山市竹原2-15-33,,33.8344199,132.7531067,,,,,,,,,,,,皮膚科;アレルギー科,0,,
382019,2000000623,愛媛県,松山市,徳丸小児科,トクマルショウニカ,無床診療所,松山市古川北3-4ｰ15,,33.8116302,132.7658982,,,,,,,,,,,,小児科,0,,
382019,2000000624,愛媛県,松山市,宇佐美消化器クリニック,ウサミショウカキクリニック,無床診療所,松山市和泉南1-5ｰ7,,33.8179366,132.7660332,,,,,,,,,,,,消化器科;内科,0,,
382019,2000000627,愛媛県,松山市,福音寺皮ふ科ひ尿器科クリニック,フクオンジヒフカヒニョウキカクリニック,無床診療所,松山市福音寺町17-5,,33.8203501,132.7965668,,,,,,,,,,,,皮膚科;泌尿器科;,0,,
382019,2000000629,愛媛県,松山市,佐藤循環器科内科,サトウジュンカンキカナイカ,有床診療所,松山市朝生田町4-10ｰ25,,33.8244291,132.7648975,,,,,,,,,,,,循環器科;内科;,19,,
382019,2000000631,愛媛県,松山市,永井皮フ科クリニック,ナガイヒフカクリニック,無床診療所,松山市久万ﾉ台558-6,,33.8626792,132.7411514,,,,,,,,,,,,皮膚科;,0,,
382019,2000000635,愛媛県,松山市,特別養護老人ホームさや医務室,トクベツヨウゴロウジンホームサヤイムシツ,無床診療所,松山市南斎院町1158,,33.8347745,132.735711,,,,,,,,,,,,内科,0,,
382019,2000000637,愛媛県,松山市,辻田耳鼻咽喉科,ツジタジビインコウカ,無床診療所,松山市溝辺町甲388-1,,33.850148,132.8058272,,,,,,,,,,,,耳鼻咽喉科,0,,
382019,2000000638,愛媛県,松山市,矢野内科クリニック,ヤノナイカクリニック,無床診療所,松山市末町甲15-1,,33.863025,132.818225,,,,,,,,,,,,内科;消化器科;,0,,
382019,2000000639,愛媛県,松山市,こうのうえ内科クリニック,コウノウエナイカクリニック,無床診療所,松山市桑原6-4ｰ33,,33.8326334,132.7899142,,,,,,,,,,,,内科;糖尿病内科,0,,
382019,2000000640,愛媛県,松山市,よつば循環器科クリニック,ヨツバジュンカンキカクリニック,有床診療所,松山市南江戸4-3ｰ53,,33.8367638,132.7398759,,,,,,,,,,,,内科;循環器内科;麻酔科;心臓血管外科;放射線科,19,,
382019,2000000641,愛媛県,松山市,道後一万クリニック,ドウゴイチマンクリニック,無床診療所,松山市道後一万8ｰ31,,33.8485484,132.7754801,,,,,,,,,,,,泌尿器科;内科;,0,,
382019,2000000642,愛媛県,松山市,井手整形外科医院,イデセイケイゲカイイン,有床診療所,松山市昭和町70-3,,33.846709,132.775967,,,,,,,,,,,,整形外科;リハビリテーション科;リウマチ科;,19,,
382019,2000000643,愛媛県,松山市,おかだ整形外科,オカダセイケイゲカ,有床診療所,松山市道後北代3ｰ22,,33.8519757,132.7767716,,,,,,,,,,,,整形外科;リハビリテーション科;リウマチ科;外科;消化器外科;肛門科,19,,
382019,2000000644,愛媛県,松山市,松浦内科,マツウラナイカ,無床診療所,松山市本町3-6-10,,33.8469367,132.7591551,,,,,,,,,,,,内科;消化器科;循環器科;呼吸器科;,0,,
382019,2000000647,愛媛県,松山市,まえおか眼科,マエオカガンカ,無床診療所,松山市北土居3-12ｰ16,,33.804346,132.7849798,,,,,,,,,,,,眼科,0,,
382019,2000000648,愛媛県,松山市,北吉田診療所,キタヨシダシンリョウショ,無床診療所,松山市北吉田町1019-1,,33.83382,132.7090085,,,,,,,,,,,,循環器科;内科;消化器科;小児科,0,,
382019,2000000649,愛媛県,松山市,長山医院,ナガヤマイイン,無床診療所,松山市森松町693,,33.7911045,132.7929221,,,,,,,,,,,,耳鼻咽喉科,0,,
382019,2000000650,愛媛県,松山市,せなは整形外科,セナハセイケイゲカ,無床診療所,松山市西垣生町475-1,,33.8104448,132.7038377,,,,,,,,,,,,整形外科;リウマチ科;リハビリテーション科,0,,
382019,2000000651,愛媛県,松山市,丸石整形外科医院,マルイシセイケイゲカイイン,有床診療所,松山市東石井3-7ｰ1,,33.8138305,132.7795478,,,,,,,,,,,,整形外科;リウマチ科;リハビリテーション科,19,,
382019,2000000656,愛媛県,松山市,船津内科胃腸科クリニック,フナツナイカイチョウカクリニック,無床診療所,松山市平和通1-5-14,Ｆ・フォリスト２階,33.8477896,132.773054,,,,,,,,,,,,内科;胃腸科;消化器科,0,,
382019,2000000661,愛媛県,松山市,心療内科　ｉ－こころの診療室,シンリョウナイカアイココロノシンリョウシツ,無床診療所,松山市湊町6-4-16,高須賀ビル２階,33.8361625,132.7609494,,,,,,,,,,,,精神科;心療内科;神経科;,0,,
382019,2000000662,愛媛県,松山市,西田クリニック,ニシダクリニック,無床診療所,松山市千舟町4-4-5,,33.8369782,132.7649686,,,,,,,,,,,,心療内科;神経科;精神科;内科,0,,
382019,2000000663,愛媛県,松山市,菅井皮膚科,スガイヒフカ,無床診療所,松山市三番町5-1-10,グラン榎町２Ｆ,33.8374551,132.7645126,,,,,,,,,,,,皮膚科;,0,,
382019,2000000666,愛媛県,松山市,村上循環器科,ムラカミジュンカンキカ,無床診療所,松山市勝山町2-7ｰ2,,33.8429311,132.774985,,,,,,,,,,,,循環器科;内科;,0,,
382019,2000000671,愛媛県,松山市,関谷循環器科,セキヤジュンカンキカ,有床診療所,松山市北梅本町甲3320,,33.7990002,132.8436676,,,,,,,,,,,,内科;循環器科;,19,,
382019,2000000675,愛媛県,松山市,福岡内科クリニック,フクオカナイカクリニック,無床診療所,松山市二番町3-10-2,,33.8404354,132.7687971,,,,,,,,,,,,内科;胃腸科,0,,
382019,2000000677,愛媛県,松山市,おおしろ外科　こもれび診療所,オオシロゲカコモレビシンリョウショ,無床診療所,松山市余戸西1-1ｰ6,,33.8117993,132.7257981,,,,,,,,,,,,外科;胃腸科,0,,
382019,2000000680,愛媛県,松山市,窪田クリニック消化器科、外科、肛門科,クボタクリニックショウカキカゲカコウモンカ,無床診療所,松山市和泉南4-2ｰ3,,33.8149052,132.760339,,,,,,,,,,,,消化器科;外科;肛門科;,0,,
382019,2000000681,愛媛県,松山市,きい麻酔科クリニック,キイマスイカクリニック,無床診療所,松山市余戸西3-12ｰ20,,33.8152135,132.7211284,,,,,,,,,,,,麻酔科;リハビリテーション科;ペインクリニック内科;漢方内科,0,,
382019,2000000682,愛媛県,松山市,たんげ内科クリニック,タンゲナイカクリニック,無床診療所,松山市東石井7-8ｰ26,,33.8091567,132.7772855,,,,,,,,,,,,内科;胃腸科;呼吸器科,0,,
382019,2000000683,愛媛県,松山市,三津整形外科,ミツセイケイゲカ,有床診療所,松山市古三津3-5ｰ5,,33.8569497,132.7304806,,,,,,,,,,,,整形外科;リウマチ科;リハビリテーション科;内科,19,,
382019,2000000684,愛媛県,松山市,とみの心臓血管クリニック,トミノシンゾウケッカンクリニック,無床診療所,松山市古川北3-3ｰ27,,33.8115738,132.7674672,,,,,,,,,,,,循環器科;心臓血管外科;外科循環器小児科,0,,
382019,2000000685,愛媛県,松山市,田窪リウマチ・整形外科,タクボリウマチ・セイケイゲカ,有床診療所,松山市枝松1-9ｰ38,,33.8375565,132.7870527,,,,,,,,,,,,整形外科;リウマチ科;リハビリテーション科;,19,,
382019,2000000686,愛媛県,松山市,特別養護老人ホームアテーナ医務室,トクベツヨウゴロウジンホームアテーナイムシツ,無床診療所,松山市保免中3-3ｰ23,,33.8144242,132.7459593,,,,,,,,,,,,放射線科;,0,,
382019,2000000689,愛媛県,松山市,今在家クリニック,イマザイケクリニック,無床診療所,松山市今在家3-1-5,,33.8041968,132.7936012,,,,,,,,,,,,胃腸科;外科;リハビリテーション科;,0,,
382019,2000000690,愛媛県,松山市,丸山耳鼻咽喉科・皮フ科,マルヤマジビインコウカ・ヒフカ,無床診療所,松山市内宮町543-1,,33.892553,132.7486737,,,,,,,,,,,,耳鼻咽喉科;皮膚科;アレルギー科;,0,,
382019,2000000695,愛媛県,松山市,怒和診療所,ヌワシンリョウジョ,無床診療所,松山市元怒和甲1081-1,,33.9763168,132.5424694,,,,,,,,,,,,内科;整形外科,0,,
382019,2000000696,愛媛県,松山市,二神診療所,フタガミシンリョウジョ,無床診療所,松山市二神甲459-16,,33.933701,132.540676,,,,,,,,,,,,内科;整形外科,0,,
382019,2000000697,愛媛県,松山市,睦月診療所,ムツキシンリョウジョ,無床診療所,松山市睦月甲2194-1,,33.956767,132.66547,,,,,,,,,,,,内科;整形外科,0,,
382019,2000000698,愛媛県,松山市,野忽那診療所,ノグツナシンリョウジョ,無床診療所,松山市野忽那甲1540-16,,33.9749299,132.6902387,,,,,,,,,,,,内科;整形外科,0,,
382019,2000000699,愛媛県,松山市,山形耳鼻咽喉科,ヤマガタジビインコウカ,無床診療所,松山市会津町11-23,,33.8630966,132.7262718,,,,,,,,,,,,耳鼻咽喉科;小児耳鼻咽喉科,0,,
382019,2000000700,愛媛県,松山市,こいずみ形成外科皮ふ科,コイズミケイセイゲカヒフカ,無床診療所,松山市久米窪田町775-5,,33.8068196,132.8141472,,,,,,,,,,,,形成外科;皮膚科,0,,
382019,2000000701,愛媛県,松山市,ふくもと心療内科,フクモトシンリョウナイカ,無床診療所,松山市山西町544-7,,33.8539912,132.7267579,,,,,,,,,,,,心療内科;精神科;,0,,
382019,2000000702,愛媛県,松山市,ふくだ循環器科内科クリニック,フクダジュンカンキカナイカクリニック,無床診療所,松山市西垣生町478-6,,33.8539912,132.7267579,,,,,,,,,,,,内科;循環器内科;呼吸器内科,0,,
382019,2000000703,愛媛県,松山市,みどりクリニック内科消化器科,ミドリクリニックナイカショウカキカ,無床診療所,松山市中央1-10ｰ12,,33.8546748,132.752428,,,,,,,,,,,,内科;消化器科,0,,
382019,2000000704,愛媛県,松山市,上田小児科医院,ウエダショウニカイイン,無床診療所,松山市居相4-22ｰ1,,33.8087868,132.7724742,,,,,,,,,,,,小児科,0,,
382019,2000000705,愛媛県,松山市,はなみずき内科クリニック,ハナミズキナイカクリニック,無床診療所,松山市古川北2-9ｰ33,,33.8123999,132.765396,,,,,,,,,,,,内科;消化器科;呼吸器科,0,,
382019,2000000706,愛媛県,松山市,久慈クリニック,クジクリニック,無床診療所,松山市南高井町728-1,,33.7913292,132.8157572,,,,,,,,,,,,外科;循環器科;心臓血管外科;リハビリテーション科;胃腸科,0,,
382019,2000000707,愛媛県,松山市,かどた脳神経外科,カドタノウシンケイゲカ,無床診療所,松山市古川北2-10ｰ6,,33.8130177,132.7649585,,,,,,,,,,,,脳神経外科;リハビリテーション科,0,,
382019,2000000708,愛媛県,松山市,ますもと内科クリニック,マスモトナイカクリニック,無床診療所,松山市南梅本町甲1271,,33.796508,132.83548,,,,,,,,,,,,内科,0,,
382019,2000000709,愛媛県,松山市,さえき耳鼻咽喉科クリニック,サエキジビインコウカクリニック,無床診療所,松山市祇園町1ｰ12,,33.8277141,132.774139,,,,,,,,,,,,耳鼻咽喉科,0,,
382019,2000000710,愛媛県,松山市,なかむらこどもクリニック,ナカムラコドモクリニック,無床診療所,松山市西垣生町818,,33.8147006,132.7067494,,,,,,,,,,,,小児科,0,,
382019,2000000711,愛媛県,松山市,社会福祉法人恩賜財団済生会支部　愛媛県済生会　松山特別養護老人ホーム　医務室,シャカイフクシホウジンオンシザイダンサイセイカイシブエヒメケンサイセイカイマツヤマトクベツヨウゴロウジンホームイムシツ,無床診療所,松山市久万ﾉ台1717,,33.861654,132.7354,,,,,,,,,,,,内科,0,,
382019,2000000712,愛媛県,松山市,あずま泌尿器科クリニック,アズマヒニョウキカクリニック,有床診療所,松山市竹原町1-10ｰ10,,33.8347452,132.7553345,,,,,,,,,,,,泌尿器科（人工透析）,19,,
382019,2000000715,愛媛県,松山市,にのみや消化器科内科小児科,ニノミヤショウカキカナイカショウニカ,無床診療所,松山市平井町甲3236-1,,33.807158,132.8208474,,,,,,,,,,,,消化器科;内科;小児科,0,,
382019,2000000718,愛媛県,松山市,こざわ耳鼻咽喉科医院,コザワジビインコウカイイン,無床診療所,松山市高岡町428-4,,33.8266282,132.7182537,,,,,,,,,,,,耳鼻咽喉科;アレルギー科,0,,
382019,2000000720,愛媛県,松山市,武田産婦人科医院,タケダサンフジンカイイン,有床診療所,松山市木屋町1-5-14,,33.8484322,132.7598799,,,,,,,,,,,,産婦人科,8,,
382019,2000000721,愛媛県,松山市,整形外科つばさクリニック,セイケイゲカツバサクリニック,無床診療所,松山市南江戸4-3ｰ45,,33.837587,132.7403181,,,,,,,,,,,,整形外科;リハビリテーション科,0,,
382019,2000000723,愛媛県,松山市,特別養護老人ホーム春の森医務室,トクベツヨウゴロウジンホームハルノモリイムシツ,無床診療所,松山市河野別府905,,33.956294,132.781444,,,,,,,,,,,,内科,0,,
382019,2000000728,愛媛県,松山市,順風会　健診センター,ジュンプウカイケンシンセンター,無床診療所,松山市高砂町2-3ｰ1,,33.8506969,132.7616233,,,,,,,,,,,,放射線科,0,,
382019,2000000729,愛媛県,松山市,津和地診療所,ツワジシンリョウジョ,無床診療所,松山市津和地420,,33.9821958,132.5127426,,,,,,,,,,,,内科;外科,0,,
382019,2000000731,愛媛県,松山市,泌尿器科あらきクリニック,ヒニョウキカアラキクリニック,無床診療所,松山市六軒家町3ｰ22,,33.8520523,132.7497546,,,,,,,,,,,,泌尿器科,0,,
382019,2000000732,愛媛県,松山市,特別養護老人ホーム　ハピネス双葉　医務室,トクベツヨウゴロウジンホームハピネスフタバイムシツ,無床診療所,松山市土居田町90-1,,33.8224612,132.7525019,,,,,,,,,,,,内科,0,,
382019,2000000734,愛媛県,松山市,あかりクリニック,アカリクリニック,無床診療所,松山市古川北2-13ｰ3,,33.812807,132.7640774,,,,,,,,,,,,放射線科;消化器内科,0,,
382019,2000000737,愛媛県,松山市,日野整形外科医院,ヒノセイケイゲカイイン,無床診療所,松山市宮田町9-1,,33.8413787,132.7521361,,,,,,,,,,,,整形外科;,0,,
382019,2000000738,愛媛県,松山市,佐藤医院,サトウイイン,有床診療所,松山市鴨川1-8ｰ26,,33.8747284,132.7537125,,,,,,,,,,,,内科,19,,
382019,2000000739,愛媛県,松山市,山中内科・消化器内科クリニック,ヤマナカナイカショウカキナイカクリニック,無床診療所,松山市内宮町558-1,,33.8935186,132.7486263,,,,,,,,,,,,消化器内科;内科,0,,
382019,2000000742,愛媛県,松山市,産科・婦人科　米本マタニティクリニック,サンカ・フジンカヨネモトマタニティクリニック,有床診療所,松山市安城寺町537-1,,33.8742501,132.7397312,,,,,,,,,,,,産科;婦人科,11,,
382019,2000000748,愛媛県,松山市,愛媛県心と体の健康センター,エヒメケンココロトカラダノケンコウセンター,無床診療所,松山市本町7-2,,33.854789,132.7581445,,,,,,,,,,,,精神科,0,,
382019,2000000749,愛媛県,松山市,眼科タカオカ医院,ガンカタカオカイイン,無床診療所,松山市大街道3-1-7,,33.8418561,132.7704091,,,,,,,,,,,,眼科,0,,
382019,2000000750,愛媛県,松山市,よこた内科,ヨコタナイカ,無床診療所,松山市岩崎町1-8-41,,33.8466886,132.786548,,,,,,,,,,,,内科;内分泌・代謝内科,0,,
382019,2000000751,愛媛県,松山市,愛媛県福祉総合支援センター診療所,エヒメケンフクシソウゴウシエンセンターシンリョウショ,無床診療所,松山市本町7-2,,33.854789,132.7581445,,,,,,,,,,,,内科;整形外科;眼科;耳鼻咽喉科,0,,
382019,2000000755,愛媛県,松山市,川谷整形外科,カワタニセイケイゲカ,無床診療所,松山市常竹甲379-1,,33.939813,132.774223,,,,,,,,,,,,整形外科;リハビリテーション科;リウマチ科,0,,
382019,2000000756,愛媛県,松山市,愛媛大学総合健康センター,エヒメダイガクソウゴウケンコウセンター,無床診療所,松山市文京町3,,33.8498313,132.7703139,,,,,,,,,,,,内科;精神科;整形外科;皮膚科;耳鼻咽喉科;歯科口腔外科,0,,
382019,2000000757,愛媛県,松山市,松山中央公園多目的競技場医務室,マツヤマチュウオウコウエンタモクテキキョウギジョウイムシツ,無床診療所,松山市市坪西町796-6,,33.8087316,132.7422681,,,,,,,,,,,,外科,0,,
382019,2000000758,愛媛県,松山市,岡部内科消化器科クリニック,オカベナイカショウカキカクリニック,無床診療所,松山市東垣生町136,,33.8126299,132.7156339,,,,,,,,,,,,内科;消化器内科,0,,
382019,2000000759,愛媛県,松山市,ながと脳神経外科・心療内科クリニック,ナガトノウシンケイゲカ・シンリョウナイカクリニック,無床診療所,松山市余戸西3-9ｰ22,,33.8137158,132.7194806,,,,,,,,,,,,脳神経外科;心療内科;精神科,0,,
382019,2000000760,愛媛県,松山市,こみなと整形外科,コミナトセイケイゲカ,無床診療所,松山市北土居3-11-32,,33.8039792,132.7844426,,,,,,,,,,,,整形外科;リウマチ科;リハビリテーション科,0,,
382019,2000000762,愛媛県,松山市,厚生労働省　第二共済組合　四国がんセンター診療部,コウセイロウドウショウダイニキョウサイクミアイシコクガンセンターシンリョウブ,無床診療所,松山市南梅本町甲160,,33.7972659,132.8411959,,,,,,,,,,,,血液腫瘍内科;精神科;呼吸器内科;消化器内科;消化器外科;乳腺外科;整形外科;形成外科;呼吸器外科;泌尿器科;婦人科;耳鼻いんこう科;放射線診断科;放射線治療科;麻酔科;緩和ケア内科;歯科,0,,
382019,2000000766,愛媛県,松山市,ウェルケア高浜診療所,ウェルケアタカハマシンリョウジョ,無床診療所,松山市松ﾉ木2-789,,33.8735857,132.7203624,,,,,,,,,,,,内科,0,,
382019,2000000767,愛媛県,松山市,あき整形外科リハビリテーションクリニック,アキセイケイゲカリハビリテーションクリニック,無床診療所,松山市石手白石甲105-6,,33.8443739,132.80072,,,,,,,,,,,,整形外科;リハビリテーション科,0,,
382019,2000000769,愛媛県,松山市,はた心療内科,ハタシンリョウナイカ,無床診療所,松山市木屋町3-13-12,,33.8540452,132.7593471,,,,,,,,,,,,心療内科;精神科;,0,,
382019,2000000770,愛媛県,松山市,ほこいし医院,ホコイシイイン,有床診療所,松山市柳井町1-14-8,,33.8343125,132.7693315,,,,,,,,,,,,皮膚科;泌尿器科;肛門外科,11,,
382019,2000000776,愛媛県,松山市,SHUN心療クリニック,シュンシンリョウクリニック,無床診療所,松山市朝生田町1-4ｰ14,コンフォルトビル２Ｆ,33.8236867,132.7737653,,,,,,,,,,,,心療内科;精神科,0,,
382019,2000000777,愛媛県,松山市,かわさき眼科,カワサキガンカ,無床診療所,松山市三杉町1ｰ1,,33.862213,132.722954,,,,,,,,,,,,眼科,0,,
382019,2000000778,愛媛県,松山市,やまだリウマチクリニック,ヤマダリウマチクリニック,有床診療所,松山市樽味4-3ｰ33,,33.8384888,132.7882367,,,,,,,,,,,,リウマチ科;整形外科;リハビリテーション科;,19,,
382019,2000000783,愛媛県,松山市,よしだ内科クリニック,ヨシダナイカクリニック,無床診療所,松山市桑原4-8ｰ7,,33.8332112,132.793226,,,,,,,,,,,,内科;呼吸器内科;胃腸内科,0,,
382019,2000000785,愛媛県,松山市,しげまつ内科クリニック,シゲマツナイカクリニック,無床診療所,松山市居相1-10ｰ20,,33.8110061,132.7728911,,,,,,,,,,,,内科;消化器内科;呼吸器内科,0,,
382019,2000000788,愛媛県,松山市,松下クリニック,マツシタクリニック,無床診療所,松山市千舟町8-67-16,,33.8370952,132.7543429,,,,,,,,,,,,泌尿器科（人工透析）,0,,
382019,2000000789,愛媛県,松山市,徳丸皮フ科クリニック,トクマルヒフカクリニック,無床診療所,松山市古川北3-3ｰ22,,33.8116051,132.7669954,,,,,,,,,,,,皮膚科,0,,
382019,2000000790,愛媛県,松山市,そよかぜ循環器内科・糖尿病内科,ソヨカゼジュンカンキナイカ・トウニョウビョウナイカ,無床診療所,松山市室町73ｰ1,,33.8313029,132.7636768,,,,,,,,,,,,循環器内科;糖尿病内科,0,,
382019,2000000792,愛媛県,松山市,立命クリニック,リツメイクリニック,無床診療所,松山市本町4-5-1,,33.8482449,132.7585238,,,,,,,,,,,,循環器内科;内科,0,,
382019,2000000794,愛媛県,松山市,ハートガーデンつじまち医務室,ハートガーデンツジマチイムシツ,無床診療所,松山市辻町2ｰ35,,33.8414179,132.7478438,,,,,,,,,,,,内科;消化器内科;循環器内科;呼吸器内科;心療内科,0,,
382019,2000000795,愛媛県,松山市,久保クリニック,クボクリニック,無床診療所,松山市木屋町2-5-2,,33.8500441,132.7601101,,,,,,,,,,,,皮膚科;泌尿器科,0,,休止
382019,2000000797,愛媛県,松山市,しらかた内科クリニック,シラカタナイカクリニック,無床診療所,松山市森松町663-1,,33.7914755,132.7874169,,,,,,,,,,,,内科,0,,
382019,2000000798,愛媛県,松山市,カメリア内科・糖尿病内科クリニック,カメリアナイカ・トウニョウビョウナイカクリニック,無床診療所,松山市東石井5-7ｰ22,,33.8153265,132.7770551,,,,,,,,,,,,糖尿病内科;内科;消化器内科;リウマチ科,0,,
382019,2000000800,愛媛県,松山市,村上皮膚科クリニック,ムラカミヒフカクリニック,無床診療所,松山市山越4-1ｰ32,,33.8618764,132.7587457,,,,,,,,,,,,皮膚科;美容皮膚科,0,,
382019,2000000804,愛媛県,松山市,南の町こども医院,ミナミノマチコドモイイン,無床診療所,松山市鷹子町797-16,,33.8147436,132.8067441,,,,,,,,,,,,小児科;アレルギー科,0,,
382019,2000000805,愛媛県,松山市,あさかぜクリニック,アサカゼクリニック,無床診療所,松山市西石井1-1ｰ5,,33.8158757,132.7743505,,,,,,,,,,,,内科;リハビリテーション科,0,,
382019,2000000807,愛媛県,松山市,西田泌尿器科クリニック,ニシダヒニョウキカクリニック,無床診療所,松山市三番町5-2-8,,33.8374581,132.763565,,,,,,,,,,,,泌尿器科,0,,
382019,2000000808,愛媛県,松山市,特別養護老人ホーム　風早の家　医務室,トクベツヨウゴロウジンホーム　カザハヤノイエ　イムシツ,無床診療所,松山市苞木甲200,,33.9411998,132.775615,,,,,,,,,,,,内科,0,,
382019,2000000811,愛媛県,松山市,あい整形外科,アイセイケイゲカ,無床診療所,松山市久万ﾉ台390-1,,33.8612558,132.7498964,,,,,,,,,,,,整形外科;ペインクリニック整形外科;リハビリテーション科,0,,
382019,2000000812,愛媛県,松山市,平和通心療内科,ヘイワドオリシンリョウナイカ,無床診療所,松山市平和通1-5-21,,33.8478665,132.7736414,,,,,,,,,,,,心療内科;精神科;老年精神科,0,,
382019,2000000813,愛媛県,松山市,松山学園医務課診療所,マツヤマガクエンイムカシンリョウショ,無床診療所,松山市吉野町3803,,33.8611713,132.7328206,,,,,,,,,,,,内科,0,,
382019,2000000815,愛媛県,松山市,まり子レディースクリニック,マリコレディースクリニック,無床診療所,松山市三番町4-1ｰ7,,33.8371294,132.767095,,,,,,,,,,,,産婦人科,0,,
382019,2000000816,愛媛県,松山市,にしだわたる糖尿病内科,ニシダワタルトウニョウビョウナイカ,無床診療所,松山市朝生田町6-4ｰ1,,33.8202479,132.76608,,,,,,,,,,,,内科;糖尿病内科,0,,
382019,2000000818,愛媛県,松山市,帝人松山診療所,テイジンマツヤマシンリョウショ,無床診療所,松山市北吉田町1059,,33.8358791,132.7080307,,,,,,,,,,,,内科,0,,
382019,2000000819,愛媛県,松山市,帝人松山診療所（南地区）,テイジンマツヤマシンリョウショミナミチク,無床診療所,松山市西垣生町2345,,33.8189189,132.7022147,,,,,,,,,,,,内科,0,,
382019,2000000821,愛媛県,松山市,山下消化器外科クリニック,ヤマシタショウカキゲカクリニック,無床診療所,松山市西長戸町311-1,,33.8670015,132.7415534,,,,,,,,,,,,外科;消化器外科;肛門外科;内視鏡外科;乳腺外科,0,,
382019,2000000825,愛媛県,松山市,やまだ耳鼻咽喉科,ヤマダジビインコウカ,無床診療所,松山市古川北3-4ｰ26,,33.811647,132.766365,,,,,,,,,,,,耳鼻咽喉科,0,,
382019,2000000826,愛媛県,松山市,黒川耳鼻咽喉科,クロカワジビインコウカ,無床診療所,松山市岩崎町2-6ｰ18,,33.8461199,132.7845763,,,,,,,,,,,,耳鼻咽喉科,0,,
382019,2000000827,愛媛県,松山市,たかおか小児科,タカオカショウニカ,無床診療所,松山市竹原町1-3-8,,33.8328973,132.7551506,,,,,,,,,,,,小児科;アレルギー科,0,,
382019,2000000829,愛媛県,松山市,もりもと在宅クリニック,モリモトザイタククリニック,無床診療所,松山市道後一万3-1,サンインテグラル道後１Ｆ,33.8475889,132.777181,,,,,,,,,,,,内科,0,,
382019,2000000830,愛媛県,松山市,佐伯内科クリニック,サエキナイカクリニック,無床診療所,松山市宮田町170,,33.8438365,132.7537879,,,,,,,,,,,,内科,0,,
382019,2000000831,愛媛県,松山市,やすらぎ在宅クリニック　立花,ヤスラギザイタククリニックタチバナ,無床診療所,松山市立花2-6-31,,33.8290978,132.7728977,,,,,,,,,,,,精神科;内科;心療内科;漢方内科;,0,,
382019,2000000835,愛媛県,松山市,別所眼科,ベッショガンカ,有床診療所,松山市山越5-14-14,,33.8618268,132.7514867,,,,,,,,,,,,眼科,19,,
382019,2000000836,愛媛県,松山市,いちかわ内視鏡内科クリニック,イチカワナイシキョウナイカクリニック,無床診療所,松山市枝松5-6ｰ10,,33.8272465,132.7844791,,,,,,,,,,,,内視鏡内科;消化器内科;内科;,0,,
382019,2000000838,愛媛県,松山市,よこて内科クリニック,ヨコテナイカクリニック,無床診療所,松山市余戸南4-15ｰ3,,33.8107614,132.7282152,,,,,,,,,,,,内科;消化器内科;循環器内科;呼吸器内科;,0,,
382019,2000000839,愛媛県,松山市,乳腺クリニック・道後,ニュウセンクリニック・ドウゴ,無床診療所,松山市勝山町2-9-10,,33.8436722,132.7755632,,,,,,,,,,,,乳腺外科;,0,,
382019,2000000840,愛媛県,松山市,原循環器科内科クリニック,ハラジュンカンキカナイカクリニック,無床診療所,松山市祝谷2-12ｰ32,,33.8559657,132.7819072,,,,,,,,,,,,内科;循環器内科;,0,,
382019,2000000841,愛媛県,松山市,医療法人クリニック暖,イリョウホウジンクリニックハル,無床診療所,松山市畑寺3-12ｰ30,,33.8294976,132.7976226,,,,,,,,,,,,外科;,0,,
382019,2000000846,愛媛県,松山市,村上胃腸内科クリニック,ムラカミイチョウナイカクリニック,無床診療所,松山市竹原町1-6-5,,33.8337772,132.7560556,,,,,,,,,,,,内科;消化器内科;,0,,
382019,2000000850,愛媛県,松山市,ノエルクリニック心臓血管外科歯科,ノエルクリニックシンゾウケッカンゲカシカ,有床診療所,松山市本町6-3-3,,33.852018,132.7583659,,,,,,,,,,,,心臓血管外科;歯科;矯正歯科;,13,,
382019,2000000851,愛媛県,松山市,医療法人星亮会城本クリニック松山院,イリョウホウジンセイリョウカイシロモトクリニックマツヤマイン,無床診療所,松山市大街道2-5-9,久保豊ビル６F,33.8407343,132.7705369,,,,,,,,,,,,美容外科;美容皮膚科;,0,,
382019,2000000854,愛媛県,松山市,救護施設みさか荘医務室,キュウゴシセツミサカソウイムシツ,無床診療所,松山市恵原町甲1000,,33.767761,132.813793,,,,,,,,,,,,内科;,0,,
382019,2000000855,愛媛県,松山市,小規模特別養護老人ホーム　ジェントルハートみつ医務室,ショウキボトクベツヨウゴロウジンホームジェントルハートミツイムシツ,無床診療所,松山市梅田町4ｰ35,,33.8602841,132.712875,,,,,,,,,,,,心療内科;精神科;,0,,
382019,2000000856,愛媛県,松山市,味酒野ていれぎ荘診療所（医務室）,ミサケノテイレギソウシンリョウショ（イムシツ）,無床診療所,松山市衣山5-719-1,,33.8477236,132.7375406,,,,,,,,,,,,内科,0,,
382019,2000000857,愛媛県,松山市,松山市医師会診療所,マツヤマシイシカイシンリョウショ,無床診療所,松山市藤原2-4ｰ70,,33.8298655,132.7582246,,,,,,,,,,,,内科;放射線科;小児科,0,,
382019,2000000860,愛媛県,松山市,星の岡心臓・血管クリニック,ホシノオカシンゾウケッカンクリニック,有床診療所,松山市東石井1-5ｰ5,,33.8180608,132.7787949,,,,,,,,,,,,循環器内科;内科;心臓内科;血管内科,15,,
382019,2000000861,愛媛県,松山市,特別養護老人ホームあわい　診療所,トクベツヨウゴロウジンホームアワイシンリョウショ,無床診療所,松山市小川甲214-1,,33.926334,132.763715,,,,,,,,,,,,内科,0,,
382019,2000000862,愛媛県,松山市,みやぎクリニック,ミヤギクリニック,無床診療所,松山市鷹子町442-2,,33.8122147,132.8182923,,,,,,,,,,,,消化器・腹部外科;ペインクリニック外科,0,,
382019,2000000863,愛媛県,松山市,特別養護老人ホーム久谷荘医務室,トクベツヨウゴロウジンホームクタニソウイムシツ,無床診療所,松山市恵原町甲940,,33.769272,132.81436,,,,,,,,,,,,内科;循環器内科,0,,
382019,2000000864,愛媛県,松山市,船員保険福岡健康管理センター　松山巡回診療所,センインホケンフクオカケンコウカンリセンターマツヤマジュンカイシンリョウショ,無床診療所,松山市大可賀2-1-28,アイテムえひめ,33.8505353,132.7137077,,,,,,,,,,,,内科;放射線科;,0,,
382019,2000000865,愛媛県,松山市,産科婦人科　ばらのいずみクリニック,サンカフジンカバラノイズミクリニック,有床診療所,松山市和泉南1-7ｰ10,,33.8176156,132.7643787,,,,,,,,,,,,産科;婦人科,17,,
382019,2000000866,愛媛県,松山市,愛媛県赤十字血液センター大街道出張所,エヒメケンセキジュウジケツエキセンターオオカイドウシュッチョウショ,無床診療所,松山市大街道1-4-17,,33.8377849,132.7698331,,,,,,,,,,,,内科,0,,
382019,2000000869,愛媛県,松山市,特別養護老人ホーム梅本の里ゆにっと医務室,トクベツヨウゴロウジンホームウメモトノサトユニットイムシツ,無床診療所,松山市北梅本町1624-1,,33.8145898,132.8532041,,,,,,,,,,,,内科;精神科;神経内科,0,,
382019,2000000870,愛媛県,松山市,富永ペインクリニック,トミナガペインクリニック,無床診療所,松山市此花町7ｰ33,,33.8410144,132.779295,,,,,,,,,,,,麻酔科;,0,,
382019,2000000872,愛媛県,松山市,やました糖尿病内科,ヤマシタトウニョウビョウナイカ,無床診療所,松山市一番町2-4ｰ8,久保豊一番町ビル２階,33.8407551,132.7709812,,,,,,,,,,,,糖尿病内科;内科;,0,,
382019,2000000874,愛媛県,松山市,心療内科　こころのクリニック　たちばな,シンリョウナイカココロノクリニックタチバナ,無床診療所,松山市東雲町2-2,,33.8448369,132.7737243,,,,,,,,,,,,心療内科;精神科;,0,,
382019,2000000875,愛媛県,松山市,せんの里　ねんりん医務室,センノサトネンリンイムシツ,無床診療所,松山市下伊台町1362,,33.8738042,132.7979582,,,,,,,,,,,,内科,0,,
382019,2000000880,愛媛県,松山市,にしもり内科医院,ニシモリナイカイイン,無床診療所,松山市古三津2-15ｰ13,,33.8592498,132.7283647,,,,,,,,,,,,内科,0,,
382019,2000000885,愛媛県,松山市,眞理こころのクリニック,マリココロノクリニック,無床診療所,松山市空港通2-13ｰ8,,33.828908,132.741019,,,,,,,,,,,,精神科;心療内科,0,,
382019,2000000886,愛媛県,松山市,ＳＨＬ松山健診クリニック,エスエイチエルマツヤマケンシンクリニック,無床診療所,松山市竹原町1-3-2,,33.8329626,132.754998,,,,,,,,,,,,内科,0,,
382019,2000000887,愛媛県,松山市,たてまつ眼科クリニック,タテマツガンカクリニック,無床診療所,松山市東野2-2ｰ21,,33.8413303,132.7984972,,,,,,,,,,,,眼科,0,,
382019,2000000888,愛媛県,松山市,石手まつもと内科循環器クリニック,イシテマツモトナイカジュンカンキクリニック,無床診療所,松山市新石手甲72-1,,33.845022,132.800575,,,,,,,,,,,,内科;循環器内科;消化器内科,0,,
382019,2000000889,愛媛県,松山市,小松内科循環器科クリニック,コマツナイカジュンカンキカクリニック,無床診療所,松山市大手町2-9-6,グランディアステーションタワー１F,33.8403963,132.7538242,,,,,,,,,,,,内科;循環器科,0,,
382019,2000000890,愛媛県,松山市,はらだ脳神経外科,ハラダノウシンケイゲカ,無床診療所,松山市桑原4-8ｰ31,,33.8340058,132.7927992,,,,,,,,,,,,脳神経外科;リハビリテーション科,0,,
382019,2000000891,愛媛県,松山市,たきした耳鼻咽喉科,タキシタジビインコウカ,無床診療所,松山市東石井3-3ｰ8,,33.8139818,132.7811369,,,,,,,,,,,,耳鼻咽喉科;小児耳鼻咽喉科;頭頸部外科,0,,
382019,2000000892,愛媛県,松山市,三世ペインクリニック,ミツヨペインクリニック,無床診療所,松山市桑原1-4ｰ45,,33.8350361,132.7898088,,,,,,,,,,,,ペインクリニックリハビリテーション科;麻酔科,0,,
382019,2000000896,愛媛県,松山市,和光苑ゆうぐん診療所,ワコウエンユウグンシンリョウショ,無床診療所,松山市雄郡2-5ｰ8,,33.8287419,132.7523082,,,,,,,,,,,,内科,0,,
382019,2000000898,愛媛県,松山市,小規模特別養護老人ホーム　竹の郷　医務室,ショウキボトクベツヨウゴロウジンホーム　タケノサト　イムシツ,無床診療所,松山市太山寺町1470,,33.8851649,132.7253774,,,,,,,,,,,,内科;整形外科,0,,
382019,2000000902,愛媛県,松山市,こうの整形外科クリニック,コウノセイケイゲカクリニック,無床診療所,松山市和泉北1-8ｰ5,,33.8227778,132.7582027,,,,,,,,,,,,整形外科;リハビリテーション科;リウマチ科,0,,
382019,2000000903,愛媛県,松山市,つばきウイメンズクリニック,ツバキウイメンズクリニック,有床診療所,松山市北土居5-11ｰ7,,33.8075919,132.7789911,,,,,,,,,,,,産婦人科;麻酔科;新生児内科,19,,
382019,2000000905,愛媛県,松山市,ほりうち眼科クリニック,ホリウチガンカクリニック,無床診療所,松山市柳井町3-6-1,,33.8349058,132.7665567,,,,,,,,,,,,眼科,0,,
382019,2000000906,愛媛県,松山市,もりまつ内科,モリマツナイカ,無床診療所,松山市森松町148-1,,33.7911726,132.7962744,,,,,,,,,,,,内科,0,,
382019,2000000907,愛媛県,松山市,のびのびこどもクリニック,ノビノビコドモクリニック,無床診療所,松山市衣山1-188,,33.8529305,132.7466039,,,,,,,,,,,,小児科,0,,
382019,2000000911,愛媛県,松山市,エヒメ健診協会　松山診療所,エヒメケンシンキョウカイ　マツヤマシンリョウショ,無床診療所,松山市湊町8-111-1,愛建ビル３０２号室,33.835027,132.752654,,,,,,,,,,,,内科,0,,
382019,2000000914,愛媛県,松山市,ローズペインクリニック,ローズペインクリニック,無床診療所,松山市空港通4-7ｰ2,,33.8289235,132.7349796,,,,,,,,,,,,ペインクリニック内科;麻酔科,0,,
382019,2000000916,愛媛県,松山市,東京青山クリニック　松山院,トウキョウアオヤマクリニックマツヤマイン,無床診療所,松山市千舟町5-2-1 ,栄信第３ビル２F,33.8365482,132.7638099,,,,,,,,,,,,形成外科;美容外科;皮膚科;,0,,
382019,2000000917,愛媛県,松山市,戸梶内科医院,トカジナイカイイン,無床診療所,松山市味酒町1-4-12,,33.8417152,132.7561426,,,,,,,,,,,,内科;循環器内科;呼吸器内科;消化器内科;,0,,
382019,2000000921,愛媛県,松山市,心療内科まつおかクリニック,シンリョウナイカマツオカクリニック,無床診療所,松山市湊町5-3-4,ＫＯ第２ビル１Ｆ,33.8362413,132.7613857,,,,,,,,,,,,心療内科;精神科;,0,,
382019,2000000922,愛媛県,松山市,立花クリニック,タチバナクリニック,無床診療所,松山市立花3-3ｰ25,,33.8262079,132.7739079,,,,,,,,,,,,内科;外科;消化器内科;肛門外科;美容皮膚科;麻酔科;,0,,
382019,2000000923,愛媛県,松山市,城北耳鼻咽喉科,ジョウホクジビインコウカ,無床診療所,松山市木屋町3-11-4,,33.8533749,132.7598636,,,,,,,,,,,,耳鼻咽喉科;,0,,
382019,2000000928,愛媛県,松山市,特別養護老人ホーム愛寿荘医務室,トクベツヨウゴロウジンホームアイジュソウイムシツ,無床診療所,松山市来住町1171-1,,33.8093682,132.7974928,,,,,,,,,,,,内科;精神科,0,,
382019,2000000930,愛媛県,松山市,前野整形外科,マエノセイケイゲカ,有床診療所,松山市小坂5-11ｰ1,,33.8258683,132.7830236,,,,,,,,,,,,整形外科;リハビリテーション科;消化器外科（内視鏡）,19,,
382019,2000000935,愛媛県,松山市,メンズライフクリニック松山院,メンズライフクリニックマツヤマイン,無床診療所,松山市千舟町5-1ｰ6,三宅ビル５階北,33.8366118,132.7645786,,,,,,,,,,,,形成外科;泌尿器科,0,,
382019,2000000937,愛媛県,松山市,さくらめんと耳鼻咽喉科,サクラメントジビインコウカ,無床診療所,松山市南江戸3-1-60,,33.8357898,132.7462986,,,,,,,,,,,,耳鼻咽喉科,0,,
382019,2000000939,愛媛県,松山市,こうの内科クリニック,コウノナイカクリニック,無床診療所,松山市余戸西6-10ｰ50,,33.8181104,132.725899,,,,,,,,,,,,内科;消化器内科;リウマチ科;感染症内科,0,,
382019,2000000940,愛媛県,松山市,こうの耳鼻咽喉科,コウノジビインコウカ,無床診療所,松山市富久町115-6,,33.8212815,132.73214,,,,,,,,,,,,耳鼻咽喉科,0,,
382019,2000000943,愛媛県,松山市,どい消化器内科クリニック,ドイショウカキナイカクリニック,無床診療所,松山市北斎院町455-5,,33.837429,132.7275681,,,,,,,,,,,,内科;消化器内科内視鏡内科,0,,
382019,2000000944,愛媛県,松山市,十亀皮膚科,ソガメヒフカ,無床診療所,松山市道後町1-6ｰ30,,33.8498928,132.7848475,,,,,,,,,,,,皮膚科,0,,
382019,2000000947,愛媛県,松山市,大手町クリニック,オオテマチクリニック,無床診療所,松山市大手町1-4-1,,33.8392678,132.7567339,,,,,,,,,,,,内科;消化器内科,0,,
382019,2000000948,愛媛県,松山市,おおつか循環器・内科クリニック,オオツカジュンカンキ・ナイカクリニック,無床診療所,松山市樽味4-2ｰ25,,33.8386817,132.7895671,,,,,,,,,,,,循環器内科;内科,0,,
382019,2000000949,愛媛県,松山市,はしもと脳神経外科,ハシモトノウシンケイゲカ,無床診療所,松山市馬木町2230-1,,33.8920094,132.7452637,,,,,,,,,,,,脳神経外科,0,,
382019,2000000950,愛媛県,松山市,うめおか神経クリニック,ウメオカシンケイクリニック,無床診療所,松山市二番町3-8-21,久保豊二番町ビル２階,33.8392636,132.7696972,,,,,,,,,,,,脳神経外科;精神科,0,,
382019,2000000952,愛媛県,松山市,みかんの里診療所,ミカンノサトシンリョウジョ,無床診療所,松山市志津川町200,,33.8781082,132.7479203,,,,,,,,,,,,内科,0,,
382019,2000000953,愛媛県,松山市,特別養護老人ホームさくら医務室,トクベツヨウゴロウジンホームサクライムシツ,無床診療所,松山市古三津4-638,特別養護老人ホームさくら内,33.8549994,132.7338766,,,,,,,,,,,,内科,0,,
382019,2000000954,愛媛県,松山市,たかのこみどり眼科クリニック,タカノコミドリガンカクリニック,無床診療所,松山市鷹子町236ｰ1,,33.8095176,132.8138182,,,,,,,,,,,,眼科,0,,
382019,2000000955,愛媛県,松山市,福本外科クリニック,フクモトゲカクリニック,無床診療所,松山市竹原町1-2-2,,33.8321451,132.7549182,,,,,,,,,,,,外科;消化器外科;胃腸外科,0,,
382019,2000000956,愛媛県,松山市,せきかわ皮ふ科,セキカワヒフカ,無床診療所,松山市平和通5-2-12,,33.8474181,132.7604782,,,,,,,,,,,,皮膚科,0,,
382019,2000000958,愛媛県,松山市,地域密着型介護老人福祉施設　ハピネスさや家　医務室,チイキミッチャクガタカイゴロウジンフクシシセツ　ハピネスサヤカ　イムシツ,無床診療所,松山市南斎院町1385-1,,33.8317361,132.7265649,,,,,,,,,,,,内科,0,,
382019,2000000959,愛媛県,松山市,こみなと胃腸内科,コミナトイチョウナイカ,無床診療所,松山市北土居3-11-32,２Ｆ,33.8039792,132.7844426,,,,,,,,,,,,内科;胃腸内科;消化器内科内視鏡内科,0,,
382019,2000000968,愛媛県,松山市,湘南美容クリニック松山院,ショウナンビヨウクリニックマツヤマイン,無床診療所,松山市湊町4-10ｰ8,ＢＥ-ＦＬＡＴビル３階,33.836172,132.7650413,,,,,,,,,,,,美容外科;美容皮膚科,0,,
382019,2000000970,愛媛県,松山市,ふるかわ内科クリニック,フルカワナイカクリニック,無床診療所,松山市古川南3-16-27,,33.8052997,132.7651211,,,,,,,,,,,,糖尿病内科;消化器内科;内科,0,,
382019,2000000973,愛媛県,松山市,医療法人聖美会　JＯＥクリニック,イリョウホウジンセイビカイジョークリニック,無床診療所,松山市千舟町4-3-7,青野ビル３階,33.8365603,132.7650477,,,,,,,,,,,,美容形成外科;美容外科;皮膚科;美容皮膚科;,0,,
382019,2000000975,愛媛県,松山市,みゆき眼科,ミユキガンカ,無床診療所,松山市古川西2-3ｰ18,,33.8093598,132.7592004,,,,,,,,,,,,眼科;,0,,
382019,2000000978,愛媛県,松山市,かなえ内科・糖尿病内科クリニック,カナエナイカ・トウニョウビョウナイカクリニック,無床診療所,松山市平井町2577,,33.8259839,132.8296643,,,,,,,,,,,,内科;糖尿病内科,0,,
382019,2000000980,愛媛県,松山市,やまにし眼科,ヤマニシガンカ,無床診療所,松山市枝松1-9ｰ48,,33.8375392,132.787622,,,,,,,,,,,,眼科,0,,
382019,2000000981,愛媛県,松山市,小規模特別養護老人ホーム　ガリラヤ久米　医務室,ショウキボトクベツヨウゴロウジンホーム　ガリラヤクメ　イムシツ,無床診療所,松山市久米窪田町667-1,,33.8036231,132.8125942,,,,,,,,,,,,内科;外科,0,,
382019,2000000982,愛媛県,松山市,特別養護老人ホームみぞのべ　医務室,トクベツヨウゴロウジンホームミゾノベ　イムシツ,無床診療所,松山市溝辺町甲346-5,,33.8519605,132.803606,,,,,,,,,,,,内科,0,,
382019,2000000983,愛媛県,松山市,特別養護老人ホーム福寿　医務室,トクベツヨウゴロウジンホームフクジュ　イムシツ,無床診療所,松山市権現町甲10,,33.8973313,132.7723351,,,,,,,,,,,,内科,0,,
382019,2000000984,愛媛県,松山市,特別養護老人ホーム　あいじゅ祝谷医務室,トクベツヨウゴロウジンホーム　アイジュイワイダニイムシツ,無床診療所,松山市祝谷6-1027-1,,33.862941,132.775497,,,,,,,,,,,,内科,0,,
382019,2000000985,愛媛県,松山市,特別養護老人ホームほしのおか医務室,トクベツヨウゴロウジンホームホシノオカイムシツ,無床診療所,松山市星岡1-31ｰ7,,33.8175702,132.7883511,,,,,,,,,,,,内科,0,,
382019,2000000986,愛媛県,松山市,特別養護老人ホームゆうりん苑　医務室,トクベツヨウゴロウジンホームユウリンエン　イムシツ,無床診療所,松山市津吉町1008,,33.774828,132.8356615,,,,,,,,,,,,内科,0,,
382019,2000000987,愛媛県,松山市,もりさわメンタルクリニック,モリサワメンタルクリニック,無床診療所,松山市花園町4-12,和光ビル２階,33.8375417,132.7620821,,,,,,,,,,,,心療内科;精神科,0,,
382019,2000000988,愛媛県,松山市,ウェルケア道後　医務室,ウェルケアドウゴ　イムシツ,無床診療所,松山市下伊台町乙129-9,,33.8738097,132.7831772,,,,,,,,,,,,内科,0,,
382019,2000000990,愛媛県,松山市,はすい心療内科,ハスイシンリョウナイカ,無床診療所,松山市桑原2-2-28,,33.8347635,132.791775,,,,,,,,,,,,心療内科;精神科,0,,
382019,2000000995,愛媛県,松山市,藏原放射線科,クラハラホウシャセンカ,無床診療所,松山市東雲町4-8,,33.8450101,132.7740109,,,,,,,,,,,,放射線科;呼吸器内科;胃腸内科;,0,,
382019,2000000998,愛媛県,松山市,はなみずき眼科,ハナミズキガンカ,無床診療所,松山市古川南3-16ｰ28,,33.80549,132.764967,,,,,,,,,,,,眼科;,0,,
382019,2000000999,愛媛県,松山市,いずみ診療所,イズミシンリョウジョ,無床診療所,松山市今在家1-1ｰ1,,33.8082152,132.7935361,,,,,,,,,,,,外科;内視鏡外科;大腸肛門外科,0,,
382019,2000001000,愛媛県,松山市,医療法人登桜会　みかみ血管外科・静脈瘤クリニック,イリョウホウジントウオウカイ　ミカミケッカンゲカ・ジョウミャクリュウクリニック,無床診療所,松山市本町3-2-17,ライトフラッツビル１階,33.8459129,132.7585079,,,,,,,,,,,,血管外科,0,,
382019,2000001001,愛媛県,松山市,あさの胃腸内科クリニック,アサノイチョウナイカ,無床診療所,松山市小坂3-3ｰ26,,33.8305674,132.7797701,,,,,,,,,,,,内科;胃腸内科;消化器内科;内視鏡内科,0,,
382019,2000001002,愛媛県,松山市,クリニック木屋町,クリニックキヤチョウ,無床診療所,松山市木屋町4-109,,33.8561914,132.7608349,,,,,,,,,,,,漢方内科;外科,0,,
382019,2000001003,愛媛県,松山市,整形外科尾形クリニック,セイケイゲカオガタクリニック,無床診療所,松山市北久米町38-8,,33.8225896,132.8023296,,,,,,,,,,,,整形外科;リハビリテーション科;,0,,
382019,2000001004,愛媛県,松山市,うぐもり耳鼻咽喉科,ウグモリジビインコウカ,無床診療所,松山市余戸西3-10ｰ25,,33.814116,132.7202872,,,,,,,,,,,,耳鼻咽喉科;,0,,
382019,2000001005,愛媛県,松山市,あらたま内科・糖尿病内科,アラタマナイカ・トウニョウビョウナイカ,無床診療所,松山市千舟町8-66-5,,33.8370837,132.7545402,,,,,,,,,,,,内科;糖尿病内科;,0,,
382019,2000001007,愛媛県,松山市,たかおか眼科・内科クリニック,タカオカガンカナイカクリニック,無床診療所,松山市竹原2-1ｰ50,,33.8316782,132.7530047,,,,,,,,,,,,眼科;内科;,0,,
382019,2000001008,愛媛県,松山市,にしたに眼科クリニック,ニシタニガンカクリニック,無床診療所,松山市森松町131-3,,33.791148,132.79813,,,,,,,,,,,,眼科;,0,,
382019,2000001009,愛媛県,松山市,鎌田リウマチ・整形外科,カマダリウマチセイケイゲカ,無床診療所,松山市東垣生町173-1,,33.8125857,132.7150721,,,,,,,,,,,,整形外科;リウマチ科;リハビリテーション科;,0,,
382019,2000001017,愛媛県,松山市,ひいらぎこどもクリニック,ヒイラギコドモクリニック,無床診療所,松山市別府町442-1,,33.8446802,132.7226044,,,,,,,,,,,,小児科;アレルギー科;,0,,
382019,2000001019,愛媛県,松山市,まつやま余戸南診療所,マツヤマヨウゴミナミシンリョウショ,無床診療所,松山市余戸南1-24ｰ31,,33.8133252,132.7395251,,,,,,,,,,,,内科;外科;消化器内科;,0,,
382019,2000001020,愛媛県,松山市,山田内科クリニック,ヤマダナイカクリニック,無床診療所,松山市三番町5-9-4,,33.8379795,132.7634736,,,,,,,,,,,,内科;,0,,
382019,2000001021,愛媛県,松山市,おち内科・ペインクリニック,オチナイカペインクリニック,無床診療所,松山市北久米町732-1,,33.817165,132.7942986,,,,,,,,,,,,内科;ペインクリニック内科;麻酔科,0,,
382019,2000001024,愛媛県,松山市,三番町SAORI皮膚科,サンバンチョウサオリヒフカ,無床診療所,松山市三番町1-7-4,VTビル１階,33.8378975,132.7744842,,,,,,,,,,,,皮膚科;美容皮膚科,0,,
382019,2000001026,愛媛県,松山市,おおの整形外科内科医院,オオノセイケイゲカナイカイイン,無床診療所,松山市土居田町424-1,,33.8220608,132.7454782,,,,,,,,,,,,整形外科;リハビリテーション科;内科;消化器内科,0,,
382019,2000001027,愛媛県,松山市,さくら診療所,サクラシンリョウショ,無床診療所,松山市高井町728-3,,33.7981844,132.8134195,,,,,,,,,,,,内科,0,,
382019,2000001028,愛媛県,松山市,AGAスキンクリニック松山院,エージーエースキンクリニックマツヤマイン,無床診療所,松山市大街道2-5-1,丸栄ビル２階,33.8401569,132.7702947,,,,,,,,,,,,頭部皮膚科;皮膚科,0,,
382019,2000001029,愛媛県,松山市,浦屋医院,ウラヤイイン,有床診療所,松山市中一万町5-10,,33.8467611,132.7741912,,,,,,,,,,,,整形外科;外科;リハビリテーション科;リウマチ科;大腸肛門外科;消化器外科;,17,,
382019,2000001031,愛媛県,松山市,しみず耳鼻咽喉科クリニック,シミズジビインコウカクリニック,無床診療所,松山市来住町1391-1,,33.805785,132.795933,,,,,,,,,,,,耳鼻咽喉科;アレルギー科;,0,,
382019,2000001033,愛媛県,松山市,特別養護老人ホーム　サンシティ北条　医務室,トクベツヨウゴロウジンホームサンシティホウジョウイムシツ,無床診療所,松山市下難波甲1377-2,高齢者総合福祉施設　サンシティ北条　３階,33.988018,132.775172,,,,,,,,,,,,内科;循環器内科,0,,
382019,2000001037,愛媛県,松山市,松山ひまわり眼科,マツヤマヒマワリガンカ,無床診療所,松山市天山1-13-5,イオンスタイル松山２階,33.8235176,132.776454,,,,,,,,,,,,眼科,0,,
382019,2000001039,愛媛県,松山市,新野在宅訪問診療所,ニイノザイタクホウモンシンリョウショ,無床診療所,松山市上市2-2-2,,33.8462775,132.788332,,,,,,,,,,,,内科,0,,
382019,2000001043,愛媛県,松山市,たかいわ小児科,タカイワショウニカ,無床診療所,松山市小坂4-7-12,,33.8281244,132.7810301,,,,,,,,,,,,小児科,0,,
382019,2000001044,愛媛県,松山市,たるみこどもの杜クリニック,タルミコドモノモリクリニック,無床診療所,松山市樽味2-8-10,,33.8411657,132.7932311,,,,,,,,,,,,小児科,0,,
382019,2000001045,愛媛県,松山市,さくらビューティークリニック　松山院,サクラビューティークリニック　マツヤマイン,無床診療所,松山市大街道2-6-10,児玉写真館ビル２階,33.8399767,132.7702888,,,,,,,,,,,,美容皮膚科,0,,
382019,2000001046,愛媛県,松山市,おのクリニック,オノクリニック,無床診療所,松山市北梅本町757,,33.822567,132.8589142,,,,,,,,,,,,外科;内科;呼吸器内科;循環器内科;消化器内科,0,,
382019,2000001047,愛媛県,松山市,みかんの花クリニック糖尿病;内分泌;代謝内科,ミカンノハナクリニックトウニョウビョウ・ナイブンピツ・タイシャナイカ,無床診療所,松山市藤原町617-13,,33.8321244,132.7594616,,,,,,,,,,,,内科  ;糖尿病内科　;内分泌;代謝内科　;老年内科,0,,
382019,2000001051,愛媛県,松山市,みかんホームメディカルクリニック,ミカンホームメディカルクリニック,無床診療所,松山市志津川町200,,33.8781082,132.7479203,,,,,,,,,,,,消化器外科;外科,0,,
382019,2000001052,愛媛県,松山市,一般財団法人日本予防医学協会　松山巡回診療所,イッパンザイダンホウジンニホンヨボウイガクキョウカイ　マツヤマジュンカイシンリョウショ,無床診療所,松山市北梅本町66,,33.8045567,132.8547206,,,,,,,,,,,,内科;,0,,
382019,2000001053,愛媛県,松山市,みやわきこどもクリニック,ミヤワキコドモクリニック,無床診療所,松山市錦町6-7,ＴＲＥＥビル２階,33.8382604,132.776838,,,,,,,,,,,,小児科,0,,
382019,2000001054,愛媛県,松山市,やいた内科;内視鏡クリニック,ヤイタナイカ・ナイシキョウクリニック,無床診療所,松山市東野2-2-17,,33.8408121,132.7987206,,,,,,,,,,,,内科;消化器内科;内視鏡内科,0,,
382019,2000001055,愛媛県,松山市,城西クリニック,ジョウセイクリニック,無床診療所,松山市祓川1-2-28,,33.8578364,132.7197325,,,,,,,,,,,,内科;消化器内科,0,,
382019,2000001058,愛媛県,松山市,H＆Cサポート株式会社他中小企業職域接種会場,エイチアンドシーサポートカブシキガイシャホカチュウショウキギョウショクイキセッシュカイジョウ,無床診療所,松山市古三津4-717,,33.8557885,132.7295253,,,,,,,,,,,,内科　（新型コロナワクチン職域接種）,0,,
382019,2000001062,愛媛県,松山市,眼科さなだ医院,ガンカサナダイイン,無床診療所,松山市平和通5-6-3,,33.8478348,132.7615216,,,,,,,,,,,,眼科,0,,
382019,2000001064,愛媛県,松山市,松岡婦人科クリニック,マツオカフジンカクリニック,無床診療所,松山市樽味2-8-30,,33.8414684,132.793196,,,,,,,,,,,,婦人科,0,,
382019,2000001066,愛媛県,松山市,七色心療クリニック,ナナイロシンリョウクリニック,無床診療所,松山市味酒町1ｰ3,四国ガス第２ビル１階,33.8414507,132.7555512,,,,,,,,,,,,心療内科;精神科,0,,
382019,2000001067,愛媛県,松山市,いろはホームケアクリニック,イロハホームケアクリニック,無床診療所,松山市南久米町636-17,,33.8135977,132.8048384,,,,,,,,,,,,外科,0,,
382019,2000001068,愛媛県,松山市,愛せる母;スピリチュアルクリニック,アイセルボ・スピリチュアルクリニック,無床診療所,松山市朝生田町6-5-36,,33.8202443,132.7675485,,,,,,,,,,,,脳神経外科;疼痛緩和内科,0,,
382019,2000001069,愛媛県,松山市,凛メディカルクリニック,リンメディカルクリニック,無床診療所,松山市大街道1-4-1,スカイ大街道ビル５階,33.8367705,132.7698174,,,,,,,,,,,,美容皮膚科;美容内科,0,,
382019,2000001070,愛媛県,松山市,エミナルクリニック松山院,エミナルクリニックマツヤマイン,無床診療所,松山市湊町5-4-25,日切ビル４階,33.8364712,132.7629115,,,,,,,,,,,,美容皮膚科,0,,
382019,2000001071,愛媛県,松山市,德永内科外科クリニック,トクナガナイカゲカクリニック,無床診療所,松山市湊町4-7-11,,33.8357126,132.7668808,,,,,,,,,,,,内科;外科;麻酔科,0,,
382019,2000001072,愛媛県,松山市,うつのみや皮ふ科,ウツノミヤヒフカ,無床診療所,松山市余戸東4-1-5,,33.8157974,132.7366628,,,,,,,,,,,,皮膚科,0,,
382019,2000001073,愛媛県,松山市,中西内科,ナカニシナイカ,無床診療所,松山市安城寺町71-1,,33.8698563,132.741678,,,,,,,,,,,,内科,0,,
382019,2000001074,愛媛県,松山市,加賀田小児科,カガタショウニカ,無床診療所,松山市古川北1-21-30,,33.8145072,132.7626469,,,,,,,,,,,,小児科;アレルギー科,0,,
382019,2000001075,愛媛県,松山市,しいのき心療内科,シイノキシンリョウナイカ,無床診療所,松山市末広町11-6 ,ベルメゾンスエヒロ　１階,33.8328912,132.7636794,,,,,,,,,,,,心療内科;精神科,0,,
382019,2000001076,愛媛県,松山市,あおば眼科クリニック,アオバガンカクリニック,無床診療所,松山市藤原町617-13,,33.832127,132.7593326,,,,,,,,,,,,眼科,0,,
382019,3000000002,愛媛県,松山市,アガタ歯科医院,アガタシカイイン,無床診療所,松山市内宮町583,,33.8944452,132.7484933,,,,,,,,,,,,歯科;小児歯科;,,,
382019,3000000003,愛媛県,松山市,淺井歯科医院,アサイシカイイン,無床診療所,松山市北梅本町665-2,,33.8053612,132.8371403,,,,,,,,,,,,歯科;小児歯科;,,,
382019,3000000007,愛媛県,松山市,愛歯科診療所,アイシカシンリョウショ,無床診療所,松山市余戸南4-9-13,,33.8090846,132.7265774,,,,,,,,,,,,歯科;小児歯科;,,,
382019,3000000008,愛媛県,松山市,阿部歯科医院,アベシカイイン,無床診療所,松山市萱町3-4-2,,33.8469093,132.7568829,,,,,,,,,,,,歯科;,,,
382019,3000000015,愛媛県,松山市,石崎歯科医院,イシザキシカイイン,無床診療所,松山市湊町2-2-1,,33.8353799,132.7716711,,,,,,,,,,,,歯科;,,,
382019,3000000019,愛媛県,松山市,石井歯科,イシイシカ,無床診療所,松山市居相1-12-9,,33.8113218,132.7746069,,,,,,,,,,,,歯科;,,,
382019,3000000020,愛媛県,松山市,井伊歯科医院,イイシカイイン,無床診療所,松山市古川西1-10-5,,33.8098181,132.7555091,,,,,,,,,,,,歯科;小児歯科歯科口腔外科;,,,
382019,3000000021,愛媛県,松山市,いだい歯科医院,イダイシカイイン,無床診療所,松山市下伊台町1045-16,,33.8761713,132.7979591,,,,,,,,,,,,歯科;,,,
382019,3000000022,愛媛県,松山市,伊藤歯科医院,イトウシカイイン,無床診療所,松山市余戸東4-1-1,,33.8157108,132.7370892,,,,,,,,,,,,歯科;小児歯科;矯正歯科歯科口腔外科;,,,
382019,3000000023,愛媛県,松山市,石川歯科,イシカワシカ,無床診療所,松山市溝辺町甲323-13,,33.8502522,132.8039129,,,,,,,,,,,,歯科;矯正歯科,,,
382019,3000000024,愛媛県,松山市,板野歯科医院,イタノシカイイン,無床診療所,松山市桑原5-1-5,,33.8301496,132.7922589,,,,,,,,,,,,歯科;小児歯科,,,
382019,3000000025,愛媛県,松山市,いいお歯科医院,イイオシカイイン,無床診療所,松山市井門町1337,,33.7989597,132.7738416,,,,,,,,,,,,歯科;,,,
382019,3000000028,愛媛県,松山市,いなば歯科医院,イナバシカイイン,無床診療所,松山市東野5-4-6,,33.839147,132.7990717,,,,,,,,,,,,歯科;小児歯科;,,,
382019,3000000035,愛媛県,松山市,大谷歯科・矯正歯科,オオタニシカ・キョウセイシカ,無床診療所,松山市和泉南6-2-6,,33.8119694,132.7601101,,,,,,,,,,,,歯科;矯正歯科;小児歯科;,,,
382019,3000000040,愛媛県,松山市,岡田歯科医院,オカダシカイイン,無床診療所,松山市太山寺町880-1,,33.894841,132.713285,,,,,,,,,,,,歯科;,,,
382019,3000000042,愛媛県,松山市,越智歯科医院,オチシカイイン,無床診療所,松山市越智3-9ｰ5,,33.8098272,132.780418,,,,,,,,,,,,歯科;,,,
382019,3000000043,愛媛県,松山市,大野晶一郎歯科,オオノショウイチロウシカ,無床診療所,松山市古三津2-16-16,,33.8606331,132.7284914,,,,,,,,,,,,歯科;,,,
382019,3000000044,愛媛県,松山市,尾崎歯科医院,オザキシカイイン,無床診療所,松山市上野町甲206-1,,33.77088,132.809066,,,,,,,,,,,,歯科;小児歯科歯科口腔外科;矯正歯科,,,
382019,3000000045,愛媛県,松山市,大内歯科医院,オオウチシカイイン,無床診療所,松山市東長戸2-371-2,,33.8670022,132.7485309,,,,,,,,,,,,歯科;,,,
382019,3000000047,愛媛県,松山市,岡矯正歯科,オカキョウセイシカ,無床診療所,松山市北持田町125-6,,33.8442435,132.776168,,,,,,,,,,,,矯正歯科;,,,
382019,3000000050,愛媛県,松山市,かとう歯科医院,カトウシカイイン,無床診療所,松山市高岡町209-3,,33.8318508,132.7229967,,,,,,,,,,,,歯科;,,,
382019,3000000051,愛媛県,松山市,吉良歯科医院,キラシカイイン,無床診療所,松山市山越3-6-7,,33.8604031,132.7605939,,,,,,,,,,,,歯科;,,,
382019,3000000054,愛媛県,松山市,木原歯科医院,キハラシカイイン,無床診療所,松山市山越5-16-10,,33.8622111,132.7506199,,,,,,,,,,,,歯科;,,,
382019,3000000055,愛媛県,松山市,きはら歯科クリニック,キハラシカクリニック,無床診療所,松山市西垣生町539-4,,33.8116623,132.7065698,,,,,,,,,,,,歯科;小児歯科,,,
382019,3000000056,愛媛県,松山市,木村歯科,キムラシカ,無床診療所,松山市南久米町567-5,,33.813226,132.7972911,,,,,,,,,,,,歯科;小児歯科,,,
382019,3000000058,愛媛県,松山市,忽那歯科医院,クツナシカイイン,無床診療所,松山市柳井町3-6-5,,33.8347163,132.765832,,,,,,,,,,,,歯科;,,,
382019,3000000061,愛媛県,松山市,黒田歯科医院,クロダシカイイン,無床診療所,松山市中央1-9-12,,33.8557231,132.7523596,,,,,,,,,,,,歯科;,,,
382019,3000000063,愛媛県,松山市,蔵原歯科クリニック,クラハラシカクリニック,無床診療所,松山市花園町6-2,,33.8386511,132.7621682,,,,,,,,,,,,歯科;,,,
382019,3000000067,愛媛県,松山市,児玉歯科,コダマシカ,無床診療所,松山市石風呂町1-10,,33.869481,132.7165647,,,,,,,,,,,,歯科;,,,
382019,3000000068,愛媛県,松山市,是沢歯科医院,コレザワシカイイン,無床診療所,松山市畑寺4-11-32,,33.8263859,132.8005222,,,,,,,,,,,,歯科;,,,
382019,3000000070,愛媛県,松山市,コスモス歯科医院,コスモスシカイイン,無床診療所,松山市堀江町甲1800-10,,33.9056556,132.7508765,,,,,,,,,,,,歯科;小児歯科;,,,
382019,3000000072,愛媛県,松山市,来住歯科,キシシカ,無床診療所,松山市来住町961-1,,33.8076772,132.7995021,,,,,,,,,,,,歯科;小児歯科;,,,
382019,3000000074,愛媛県,松山市,坂田歯科医院,サカタシカイイン,無床診療所,松山市勝山町1-15-8,,33.8408709,132.7750135,,,,,,,,,,,,歯科;,,,
382019,3000000075,愛媛県,松山市,崎岡歯科医院,サキオカシカイイン,無床診療所,松山市生石町593,,33.8320411,132.7436193,,,,,,,,,,,,歯科;,,,
382019,3000000076,愛媛県,松山市,サトウ歯科,サトウシカ,無床診療所,松山市小坂4-18-32,,33.8293456,132.7805736,,,,,,,,,,,,歯科;小児歯科;,,,
382019,3000000078,愛媛県,松山市,佐古歯科医院,サコシカイイン,無床診療所,松山市谷町192-2,,33.87718,132.7513291,,,,,,,,,,,,歯科;,,,
382019,3000000083,愛媛県,松山市,さとし歯科クリニック,サトシシカクリニック,無床診療所,松山市朝生田6-1-26,,33.821384,132.7697225,,,,,,,,,,,,歯科;小児歯科;,,,
382019,3000000085,愛媛県,松山市,清水歯科診療所,シミズシカシンリョウショ,無床診療所,松山市東方町甲1262-1,,33.769314,132.817609,,,,,,,,,,,,歯科;,,,
382019,3000000089,愛媛県,松山市,篠崎歯科医院,シノザキシカイイン,無床診療所,松山市樽味4-6-20,,33.8383697,132.7868069,,,,,,,,,,,,歯科;,,,
382019,3000000092,愛媛県,松山市,須之内歯科医院,スノウチシカイイン,無床診療所,松山市平和通1-5-33,,33.8476607,132.7741849,,,,,,,,,,,,歯科;,,,
382019,3000000093,愛媛県,松山市,杉浦歯科医院,スギウラシカイイン,無床診療所,松山市土居田町846-2,,33.821067,132.738811,,,,,,,,,,,,歯科;小児歯科,,,
382019,3000000094,愛媛県,松山市,関谷歯科,セキヤシカ,無床診療所,松山市南斎院町951-8,,33.8323353,132.7336796,,,,,,,,,,,,歯科;,,,
382019,3000000095,愛媛県,松山市,仙波歯科クリニック,センバシカクリニック,無床診療所,松山市東石井5-10ｰ6,,33.8167092,132.775062,,,,,,,,,,,,歯科;矯正歯科;小児歯科;,,,
382019,3000000098,愛媛県,松山市,さかもと矯正歯科,サカモトキョウセイシカ,無床診療所,松山市道後町2-3-24,,33.8483846,132.7807441,,,,,,,,,,,,矯正歯科;,,,
382019,3000000099,愛媛県,松山市,大膳歯科医院,ダイゼンシカイイン,無床診療所,松山市余戸中3-10-29,,33.8153887,132.7271526,,,,,,,,,,,,歯科;小児歯科;,,,
382019,3000000103,愛媛県,松山市,武田歯科医院,タケダシカイイン,無床診療所,松山市平井町2270,,33.811645,132.8208061,,,,,,,,,,,,歯科;小児歯科;,,,
382019,3000000104,愛媛県,松山市,武田歯科医院,タケダシカイイン,無床診療所,松山市歩行町2-6-1,,33.8427598,132.7720491,,,,,,,,,,,,歯科;,,,
382019,3000000109,愛媛県,松山市,高須賀歯科医院,タカスカシカイイン,無床診療所,松山市東長戸4-2-5,,33.8692316,132.7539107,,,,,,,,,,,,歯科;,,,
382019,3000000110,愛媛県,松山市,武西歯科医院,タケニシシカイイン,無床診療所,松山市北井門1-10ｰ12,,33.8055698,132.7776557,,,,,,,,,,,,歯科;小児歯科;,,,
382019,3000000112,愛媛県,松山市,たにもと歯科,タニモトシカ,無床診療所,松山市和泉南1-16ｰ23,,33.8179082,132.7610445,,,,,,,,,,,,歯科;小児歯科,,,
382019,3000000113,愛媛県,松山市,田渕歯科医院,タブチシカイイン,無床診療所,松山市大手町2-6-23,大手町ビル２階,33.8395446,132.7545772,,,,,,,,,,,,歯科;,,,
382019,3000000114,愛媛県,松山市,松山城北インプラントクリニック太山寺歯科医院,マツヤマジョウホクインプラントクリニックタイサンジシカイイン,無床診療所,松山市太山寺町1155-1,,33.8873114,132.7305001,,,,,,,,,,,,歯科;小児歯科;矯正歯科歯科口腔外科;,,,
382019,3000000115,愛媛県,松山市,田中英央歯科医院,タナカヒデオシカイイン,無床診療所,松山市高浜町1-1425-1,,33.8807523,132.7018605,,,,,,,,,,,,歯科;小児歯科;,,,
382019,3000000118,愛媛県,松山市,ツバキ歯科,ツバキシカ,無床診療所,松山市居相3-1ｰ9,,33.808857,132.7694025,,,,,,,,,,,,歯科;,,,
382019,3000000120,愛媛県,松山市,たかた歯科医院,タカタシカイイン,無床診療所,松山市末広町13-1,,33.8335686,132.7643444,,,,,,,,,,,,歯科;小児歯科;,,,
382019,3000000125,愛媛県,松山市,土井歯科医院,ドイシカイイン,無床診療所,松山市山西町917,,33.8533197,132.7217847,,,,,,,,,,,,歯科;,,,
382019,3000000126,愛媛県,松山市,豊田歯科医院,トヨタシカイイン,無床診療所,松山市古川南1-13-10,,33.8075245,132.7645852,,,,,,,,,,,,歯科;,,,
382019,3000000127,愛媛県,松山市,とちぎ歯科医院,トチギシカイイン,無床診療所,松山市松ﾉ木2-819-3,,33.8729538,132.72006,,,,,,,,,,,,歯科;,,,
382019,3000000128,愛媛県,松山市,玉乃井歯科医院,タマノイシカイイン,無床診療所,松山市高岡町429-1,,33.8268383,132.7190112,,,,,,,,,,,,歯科;小児歯科;,,,
382019,3000000130,愛媛県,松山市,辻田歯科医院,ツジタシカイイン,無床診療所,松山市新石手270-4,,33.8458231,132.8009431,,,,,,,,,,,,歯科;小児歯科;,,,
382019,3000000135,愛媛県,松山市,永井歯科医院,ナガイシカイイン,無床診療所,松山市西石井町2-13ｰ38,,33.8194509,132.7722398,,,,,,,,,,,,歯科;小児歯科,,,
382019,3000000136,愛媛県,松山市,浪瀧歯科医院,ナミタキシカイイン,無床診療所,松山市三番町3-4-4,,33.8374552,132.7680649,,,,,,,,,,,,歯科;矯正歯科;小児歯科;,,,
382019,3000000137,愛媛県,松山市,中野歯科医院,ナカノシカイイン,無床診療所,松山市山西町678-4,,33.8531914,132.7241545,,,,,,,,,,,,歯科;,,,
382019,3000000138,愛媛県,松山市,中村歯科医院,ナカムラシカイイン,無床診療所,松山市空港通6-11-6,,33.8281526,132.7306414,,,,,,,,,,,,歯科;小児歯科;,,,
382019,3000000140,愛媛県,松山市,永木歯科,ナガキシカ,無床診療所,松山市土居田町289-3,,33.8246011,132.7479239,,,,,,,,,,,,歯科;小児歯科;,,,
382019,3000000143,愛媛県,松山市,二宮矯正歯科医院,ニノミヤキョウセイシカイイン,無床診療所,松山市千舟町7-10-1,,33.8370208,132.7568067,,,,,,,,,,,,矯正歯科;,,,
382019,3000000144,愛媛県,松山市,西岡歯科医院,ニシオカシカイイン,無床診療所,松山市千舟町1-3-8,,33.836673,132.7733402,,,,,,,,,,,,歯科;歯科口腔外科,,,
382019,3000000146,愛媛県,松山市,野本歯科医院,ノモトシカイイン,無床診療所,松山市桑原3-95-1,,33.8340753,132.7961284,,,,,,,,,,,,歯科;,,,休止
382019,3000000151,愛媛県,松山市,はまだ歯科,ハマダシカ,無床診療所,松山市北土居1-1ｰ29,,33.8051438,132.788332,,,,,,,,,,,,歯科;,,,
382019,3000000152,愛媛県,松山市,浜歯科医院,ハマシカイイン,無床診療所,松山市木屋町3-2-3,,33.8514615,132.760109,,,,,,,,,,,,歯科;,,,
382019,3000000154,愛媛県,松山市,日野満歯科医院,ヒノミツルシカイイン,無床診療所,松山市勝山町2-4-1,,33.8423844,132.7751245,,,,,,,,,,,,歯科;,,,
382019,3000000158,愛媛県,松山市,ひでき歯科医院,ヒデキシカイイン,無床診療所,松山市朝生田2-9ｰ33,,33.824628,132.7709812,,,,,,,,,,,,歯科;小児歯科;矯正歯科,,,
382019,3000000159,愛媛県,松山市,兵頭歯科医院,ヒョウドウシカイイン,無床診療所,松山市西長戸町402-11,,33.8641118,132.7415835,,,,,,,,,,,,歯科;,,,
382019,3000000160,愛媛県,松山市,ひまわり歯科医院,ヒマワリシカイイン,無床診療所,松山市衣山4-806-5,,33.8508262,132.73771,,,,,,,,,,,,歯科;小児歯科;,,,
382019,3000000161,愛媛県,松山市,ひろ歯科医院,ヒロシカイイン,無床診療所,松山市北斎院町32-68,,33.8366181,132.7376884,,,,,,,,,,,,歯科;小児歯科;,,,
382019,3000000164,愛媛県,松山市,福岡歯科医院,フクオカシカイイン,無床診療所,松山市三津2-12-20,,33.8650516,132.7133121,,,,,,,,,,,,歯科;矯正歯科;小児歯科,,,
382019,3000000167,愛媛県,松山市,星の岡歯科医院,ホシノオカシカイイン,無床診療所,松山市星岡4-3-7,,33.8118941,132.7873577,,,,,,,,,,,,歯科;,,,
382019,3000000168,愛媛県,松山市,ホワイト歯科,ホワイトシカ,無床診療所,松山市若葉町8-40,,33.8570385,132.7178779,,,,,,,,,,,,歯科;小児歯科;,,,
382019,3000000169,愛媛県,松山市,日浅歯科医院,ヒアサシカイイン,無床診療所,松山市味酒町3-8-1,,33.8471458,132.7561056,,,,,,,,,,,,歯科;矯正歯科;小児歯科;,,,
382019,3000000170,愛媛県,松山市,堀内歯科医院,ホリウチシカイイン,無床診療所,松山市和泉北2-5-15,,33.8229897,132.7549426,,,,,,,,,,,,歯科;,,,
382019,3000000172,愛媛県,松山市,増田歯科医院,マスダシカイイン,無床診療所,松山市道後町1-6-36,,33.8496306,132.7850472,,,,,,,,,,,,歯科;,,,
382019,3000000173,愛媛県,松山市,松岡歯科医院,マツオカシカイイン,無床診療所,松山市二番町2-7-26,,33.839791,132.77208,,,,,,,,,,,,歯科;,,,休止
382019,3000000175,愛媛県,松山市,馬嶋歯科診療所,マシマシカシンリョウショ,無床診療所,松山市河原町2-11,,33.8341392,132.7711241,,,,,,,,,,,,歯科;,,,
382019,3000000176,愛媛県,松山市,丸尾歯科,マルオシカ,無床診療所,松山市天山3-9-31,,33.8201835,132.7762245,,,,,,,,,,,,歯科;矯正歯科;,,,
382019,3000000178,愛媛県,松山市,松本歯科医院,マツモトシカイイン,無床診療所,松山市鷹子町836,,33.8160616,132.8062487,,,,,,,,,,,,歯科;小児歯科;,,,
382019,3000000179,愛媛県,松山市,松廣歯科医院,マツヒロシカイイン,無床診療所,松山市平和通6-7-3,,33.8478682,132.7560501,,,,,,,,,,,,歯科;,,,
382019,3000000181,愛媛県,松山市,みちだ矯正小児歯科,ミチダキョウセイショウニシカ,無床診療所,松山市大手町1-8-4,,33.8396221,132.7564478,,,,,,,,,,,,歯科;矯正歯科;小児歯科;,,,
382019,3000000188,愛媛県,松山市,宮本歯科,ミヤモトシカ,無床診療所,松山市土橋町20-8,,33.834766,132.756701,,,,,,,,,,,,歯科;小児歯科;矯正歯科,,,
382019,3000000190,愛媛県,松山市,三木歯科医院,ミキシカイイン,無床診療所,松山市小栗5-4-1,,33.8278338,132.7584165,,,,,,,,,,,,歯科;,,,
382019,3000000191,愛媛県,松山市,宮部歯科,ミヤベシカ,無床診療所,松山市祝谷6-1188,,33.8618638,132.775586,,,,,,,,,,,,歯科;,,,
382019,3000000192,愛媛県,松山市,味生歯科医院,ミブシカイイン,無床診療所,松山市別府町216-7,,33.845833,132.725563,,,,,,,,,,,,歯科;小児歯科;,,,
382019,3000000193,愛媛県,松山市,みやうち歯科,ミヤウチシカ,無床診療所,松山市北久米町1101-1,,33.8456237,132.7255672,,,,,,,,,,,,歯科;小児歯科;,,,
382019,3000000194,愛媛県,松山市,水木歯科医院,ミズキシカイイン,無床診療所,松山市東石井3-1ｰ3,,33.8114904,132.790083,,,,,,,,,,,,歯科;小児歯科;,,,
382019,3000000197,愛媛県,松山市,森原歯科医院,モリハラシカイイン,無床診療所,松山市森松町274-3,,33.7908007,132.793296,,,,,,,,,,,,歯科;小児歯科;,,,
382019,3000000200,愛媛県,松山市,山本歯科医院,ヤマモトシカイイン,無床診療所,松山市三津3-7-15,,33.8624427,132.7140375,,,,,,,,,,,,歯科;,,,
382019,3000000201,愛媛県,松山市,やんべ歯科医院,ヤンベシカイイン,無床診療所,松山市鴨川1-5-25,,33.872956,132.7533765,,,,,,,,,,,,歯科;,,,
382019,3000000203,愛媛県,松山市,矢野歯科医院,ヤノシカイイン,無床診療所,松山市持田町3-2-14,,33.8443967,132.7804772,,,,,,,,,,,,歯科;,,,
382019,3000000204,愛媛県,松山市,山越歯科クリニック,ヤマゴエシカクリニック,無床診療所,松山市山越4-4-35,エクセル丸栄２階,33.8626382,132.7586557,,,,,,,,,,,,歯科;小児歯科,,,休止
382019,3000000206,愛媛県,松山市,ユタカ歯科医院,ユタカシカイイン,無床診療所,松山市鷹子町36-1,,33.8117119,132.8075515,,,,,,,,,,,,歯科;,,,
382019,3000000207,愛媛県,松山市,雄新歯科医院,ユウシンシカイイン,無床診療所,松山市小栗7-1-18,,33.826097,132.753987,,,,,,,,,,,,歯科;小児歯科;,,,
382019,3000000209,愛媛県,松山市,吉田歯科医院,ヨシダシカイイン,無床診療所,松山市柳井町1-15-3,,33.8347011,132.769051,,,,,,,,,,,,歯科;,,,休止
382019,3000000216,愛媛県,松山市,はまもと歯科,ハマモトシカ,無床診療所,松山市桑原1-9-9,,33.8367004,132.7899142,,,,,,,,,,,,歯科;矯正歯科;小児歯科歯科口腔外科;,,,
382019,3000000217,愛媛県,松山市,玉井歯科医院,タマイシカイイン,無床診療所,松山市岩崎町1-8ｰ24,,33.8468521,132.7854221,,,,,,,,,,,,歯科;小児歯科;,,,
382019,3000000218,愛媛県,松山市,大街道歯科医院,オオカイドウシカイイン,無床診療所,松山市大街道3-5-4,,33.8429179,132.7710955,,,,,,,,,,,,歯科;,,,
382019,3000000219,愛媛県,松山市,たかのこ歯科,タカノコシカ,無床診療所,松山市鷹子町550-10,,33.8136312,132.8146712,,,,,,,,,,,,歯科;,,,
382019,3000000221,愛媛県,松山市,平和歯科クリニック,ヘイワシカクリニック,無床診療所,松山市平和通5-6-2,,33.8478293,132.7616683,,,,,,,,,,,,歯科;,,,
382019,3000000223,愛媛県,松山市,前田歯科医院,マエダシカイイン,無床診療所,松山市東石井6-7ｰ26,,33.811709,132.7775123,,,,,,,,,,,,歯科;小児歯科歯科口腔外科;矯正歯科,,,
382019,3000000224,愛媛県,松山市,みずもと歯科クリニック,ミズモトシカクリニック,無床診療所,松山市土居町845-1,,33.7977864,132.795975,,,,,,,,,,,,歯科;,,,
382019,3000000225,愛媛県,松山市,えがお歯科,エガオシカ,無床診療所,松山市鷹子町1-11,,33.8096655,132.8069206,,,,,,,,,,,,歯科;小児歯科;矯正歯科;口腔外科;,,,
382019,3000000227,愛媛県,松山市,三好歯科,ミヨシシカ,無床診療所,松山市道後一万9-54,,33.8492105,132.7777315,,,,,,,,,,,,歯科;,,,
382019,3000000228,愛媛県,松山市,日野歯科医院,ヒノシカイイン,無床診療所,松山市南町1-6ｰ29,,33.8471288,132.7813725,,,,,,,,,,,,歯科;小児歯科;,,,
382019,3000000229,愛媛県,松山市,はじめ歯科医院,ハジメシカイイン,無床診療所,松山市古川北3-14-17,,33.8115965,132.7628186,,,,,,,,,,,,歯科;小児歯科;,,,
382019,3000000230,愛媛県,松山市,かどた歯科,カドタシカ,無床診療所,松山市久米窪田町166-5,,33.8016734,132.8074511,,,,,,,,,,,,歯科;小児歯科;矯正歯科;,,,
382019,3000000235,愛媛県,松山市,ハッピー歯科クリニック,ハッピーシカクリニック,無床診療所,松山市古川西2-8-1,西沢ビルＮＯ１　１０６号,33.808791,132.7585684,,,,,,,,,,,,歯科;小児歯科;,,,
382019,3000000236,愛媛県,松山市,大手町インプラントクリニック　和田歯科・矯正歯科,オオテマチインプラントクリニックワダシカ・キョウセイシカ,無床診療所,松山市大手町2-8-5,,33.8404174,132.7547812,,,,,,,,,,,,歯科;矯正歯科;小児歯科;口腔外科,,,
382019,3000000237,愛媛県,松山市,松友歯科クリニック,マツトモシカクリニック,無床診療所,松山市古三津2-2ｰ12,,33.8569065,132.7271517,,,,,,,,,,,,歯科;小児歯科;矯正歯科歯科口腔外科;,,,
382019,3000000239,愛媛県,松山市,小笠原歯科,オガサワラシカ,無床診療所,松山市堀江町甲917-10,,33.902939,132.744755,,,,,,,,,,,,歯科;小児歯科;,,,
382019,3000000240,愛媛県,松山市,はやし歯科,ハヤシシカ,無床診療所,松山市石手4-4-4,,33.8445183,132.7940249,,,,,,,,,,,,歯科;小児歯科;,,,
382019,3000000243,愛媛県,松山市,アップル歯科医院,アップルシカイイン,無床診療所,松山市南江戸5-4-8,,33.8405269,132.7460697,,,,,,,,,,,,歯科;小児歯科;,,,
382019,3000000244,愛媛県,松山市,ユー歯科,ユーシカ,無床診療所,松山市和泉南4-6ｰ25,,33.840505,132.746021,,,,,,,,,,,,歯科;小児歯科;,,,
382019,3000000245,愛媛県,松山市,たなべ歯科クリニック,タナベシカクリニック,無床診療所,松山市南吉田町1801-6,,33.8306065,132.715572,,,,,,,,,,,,歯科;小児歯科;,,,
382019,3000000246,愛媛県,松山市,長山歯科医院,ナガヤマシカイイン,無床診療所,松山市東垣生町138-1,,33.8126144,132.7160684,,,,,,,,,,,,歯科;小児歯科;,,,
382019,3000000248,愛媛県,松山市,城北やの歯科クリニック,ジョウホクヤノシカクリニック,無床診療所,松山市山越1-3ｰ9,,33.8564089,132.75599,,,,,,,,,,,,歯科;小児歯科;矯正歯科歯科口腔外科;,,,
382019,3000000249,愛媛県,松山市,うつみ歯科,ウツミシカ,無床診療所,松山市南久米町658-1,,33.8119271,132.8049909,,,,,,,,,,,,歯科;小児歯科歯科口腔外科,,,
382019,3000000250,愛媛県,松山市,フェニックス歯科,フェニックスシカ,無床診療所,松山市西石井5-12ｰ7,,33.8147864,132.7707142,,,,,,,,,,,,歯科;小児歯科;,,,
382019,3000000253,愛媛県,松山市,山地歯科医院,ヤマジシカイイン,無床診療所,松山市和泉北2-14-10,,33.8252452,132.7572916,,,,,,,,,,,,歯科;小児歯科,,,
382019,3000000254,愛媛県,松山市,高田矯正歯科クリニック,タカダキョウセイシカクリニック,無床診療所,松山市束本1-1-10,,33.8299517,132.7879862,,,,,,,,,,,,矯正歯科;,,,
382019,3000000256,愛媛県,松山市,まさと歯科クリニック,マサトシカクリニック,無床診療所,松山市愛光町4-1,,33.845591,132.7486644,,,,,,,,,,,,歯科;小児歯科;,,,
382019,3000000257,愛媛県,松山市,白水台歯科クリニック,ハクスイダイシカクリニック,無床診療所,松山市白水台1-2-1,,33.8737548,132.7817004,,,,,,,,,,,,歯科;小児歯科;,,,
382019,3000000258,愛媛県,松山市,西田歯科医院,ニシダシカイイン,無床診療所,松山市本町4-2-5,,33.8480392,132.7583931,,,,,,,,,,,,歯科;小児歯科;,,,
382019,3000000260,愛媛県,松山市,大井歯科クリニック,オオイシカクリニック,無床診療所,松山市三番町4-7-12-101,,33.8380393,132.7675771,,,,,,,,,,,,歯科;小児歯科;,,,
382019,3000000261,愛媛県,松山市,ひめ歯科クリニック,ヒメシカクリニック,無床診療所,松山市姫原2-6ｰ11,,33.8672524,132.7599957,,,,,,,,,,,,歯科;小児歯科歯科口腔外科,,,
382019,3000000262,愛媛県,松山市,ふなき歯科,フナキシカ,無床診療所,松山市中村2-2ｰ8,,33.8318757,132.7774513,,,,,,,,,,,,歯科;小児歯科;,,,
382019,3000000263,愛媛県,松山市,佐々木歯科,ササキシカ,無床診療所,松山市鷹子町243-8,,33.8099076,132.8138709,,,,,,,,,,,,歯科;小児歯科;,,,
382019,3000000264,愛媛県,松山市,カナザキ歯科,カナザキシカ,無床診療所,松山市南梅本町甲878-5,,33.800833,132.838995,,,,,,,,,,,,歯科;小児歯科;矯正歯科歯科口腔外科,,,
382019,3000000265,愛媛県,松山市,井笹歯科医院,イザサシカイイン,無床診療所,松山市道後北代6-11,,33.852364,132.7771976,,,,,,,,,,,,歯科;小児歯科;,,,
382019,3000000270,愛媛県,松山市,菅歯科医院,カンシカイイン,無床診療所,松山市北条辻1443-6,,33.9751967,132.7736795,,,,,,,,,,,,歯科;,,,
382019,3000000271,愛媛県,松山市,高橋歯科医院,タカハシシカイイン,無床診療所,松山市北条辻92-2,,33.9751681,132.7774646,,,,,,,,,,,,歯科;,,,
382019,3000000272,愛媛県,松山市,松本歯科医院,マツモトシカイイン,無床診療所,松山市河野別府192番地,,33.9500648,132.7812684,,,,,,,,,,,,歯科;,,,
382019,3000000273,愛媛県,松山市,清水歯科医院,シミズシカイイン,無床診療所,松山市苞木甲8-3,,33.9436977,132.7687688,,,,,,,,,,,,歯科;,,,
382019,3000000274,愛媛県,松山市,堀本歯科,ホリモトシカ,無床診療所,松山市柳原332,,33.9545463,132.7724697,,,,,,,,,,,,歯科;小児歯科;,,,
382019,3000000275,愛媛県,松山市,山崎歯科医院,ヤマサキシカイイン,無床診療所,松山市下難波甲474-1,,33.980252,132.7860388,,,,,,,,,,,,歯科;小児歯科;矯正歯科,,,
382019,3000000276,愛媛県,松山市,岩倉歯科医院,イワクラシカイイン,無床診療所,松山市粟井河原255,,33.9368419,132.765031,,,,,,,,,,,,歯科;,,,
382019,3000000281,愛媛県,松山市,ふな歯科クリニック,フナシカクリニック,無床診療所,松山市道後湯月町4-14,,33.8524233,132.7868069,,,,,,,,,,,,歯科;小児歯科;,,,
382019,3000000282,愛媛県,松山市,そらまめ歯科クリニック,ソラマメシカクリニック,無床診療所,松山市束本1-5ｰ30,,33.8326258,132.7874694,,,,,,,,,,,,歯科;小児歯科;,,,
382019,3000000283,愛媛県,松山市,スマイル矯正歯科クリニック,スマイルキョウセイシカクリニック,無床診療所,松山市湊町4-12-9,,33.8364871,132.7647598,,,,,,,,,,,,矯正歯科;歯科,,,
382019,3000000285,愛媛県,松山市,ひぐち歯科医院,ヒグチシカイイン,無床診療所,松山市古三津1-24-1,,33.8617205,132.7239663,,,,,,,,,,,,歯科;矯正歯科;小児歯科歯科口腔外科,,,
382019,3000000286,愛媛県,松山市,まこと歯科クリニック,マコトシカクリニック,無床診療所,松山市福角町538-10,,33.8988322,132.7569248,,,,,,,,,,,,歯科;小児歯科;矯正歯科;歯科口腔外科,,,
382019,3000000287,愛媛県,松山市,原瀬歯科医院,ハラセシカイイン,無床診療所,松山市三津1-3ｰ5,,33.8650667,132.7120817,,,,,,,,,,,,歯科,,,休止
382019,3000000288,愛媛県,松山市,大牟禮矯正歯科クリニック,オオムレキョウセイシカクリニック,無床診療所,松山市北藤原町9-14,,33.8345633,132.7593518,,,,,,,,,,,,矯正歯科;歯科,,,
382019,3000000290,愛媛県,松山市,長谷川歯科医院,ハセガワシカイイン,無床診療所,松山市北条771-7,,33.9767904,132.775447,,,,,,,,,,,,歯科;小児歯科;矯正歯科,,,
382019,3000000291,愛媛県,松山市,三瀬歯科医院,ミセシカイイン,無床診療所,松山市三番町6-4-1,,33.837461,132.7598423,,,,,,,,,,,,歯科;小児歯科;矯正歯科歯科口腔外科;,,,
382019,3000000292,愛媛県,松山市,グリーン歯科クリニック,グリーンシカクリニック,無床診療所,松山市小村町331-1,,33.7810875,132.8151475,,,,,,,,,,,,歯科;小児歯科,,,
382019,3000000294,愛媛県,松山市,いちかわ歯科クリニック,イチカワシカクリニック,無床診療所,松山市三津3-4-27,,33.8615557,132.7123947,,,,,,,,,,,,歯科;口腔外科;矯正歯科;小児歯科,,,
382019,3000000295,愛媛県,松山市,たんぽぽ小児歯科,タンポポショウニシカ,無床診療所,松山市富久町139ｰ6,,33.821447,132.730131,,,,,,,,,,,,小児歯科;歯科;,,,
382019,3000000296,愛媛県,松山市,おおつか歯科クリニック,オオツカシカクリニック,無床診療所,松山市余戸南4-9ｰ38,,33.809443,132.7282005,,,,,,,,,,,,歯科;小児歯科;矯正歯科;歯科口腔外科,,,
382019,3000000297,愛媛県,松山市,クボタ齒科醫院,クボタシカイイン,無床診療所,松山市道後湯之町4-15 ,三世インプラントセンタービル,33.8507096,132.7862302,,,,,,,,,,,,歯科;,,,
382019,3000000298,愛媛県,松山市,いずみや歯科医院,イズミヤシカイイン,無床診療所,松山市北土居3-12ｰ7,,33.8042305,132.7851292,,,,,,,,,,,,歯科;小児歯科歯科口腔外科,,,
382019,3000000299,愛媛県,松山市,うらす梅本歯科,ウラスウメモトシカ,無床診療所,松山市西垣生町254-8,,33.8085477,132.7021687,,,,,,,,,,,,歯科;小児歯科;矯正歯科;,,,
382019,3000000301,愛媛県,松山市,そめじ歯科医院,ソメジシカイイン,無床診療所,松山市竹原2-6ｰ13,,33.8327057,132.7525944,,,,,,,,,,,,歯科;矯正歯科;,,,
382019,3000000302,愛媛県,松山市,アクア歯科クリニック,アクアシカクリニック,無床診療所,松山市南梅本町甲1263-5,,33.7965681,132.8361358,,,,,,,,,,,,歯科;小児歯科;歯科口腔外科,,,
382019,3000000303,愛媛県,松山市,おはら歯科医院,オハラシカイイン,無床診療所,松山市保免中2-2ｰ14,,33.8159006,132.7478307,,,,,,,,,,,,歯科;小児歯科;,,,
382019,3000000304,愛媛県,松山市,ていれぎデンタルクリニック,テイレギデンタルクリニック,無床診療所,松山市南高井町1357-1,,33.791238,132.8109893,,,,,,,,,,,,歯科;小児歯科;矯正歯科,,,
382019,3000000306,愛媛県,松山市,ともちか歯科医院,トモチカシカイイン,無床診療所,松山市大街道3-3-5,,33.8422546,132.7705616,,,,,,,,,,,,歯科;,,,
382019,3000000308,愛媛県,松山市,ふみお歯科クリニック,フミオシカクリニック,無床診療所,松山市高木町111-1,,33.8842024,132.7415302,,,,,,,,,,,,歯科;矯正歯科;小児歯科,,,
382019,3000000311,愛媛県,松山市,パールデンタルクリニック,パールデンタルクリニック,無床診療所,松山市馬木町2242,,33.8927281,132.7462223,,,,,,,,,,,,歯科　小児歯科,,,
382019,3000000312,愛媛県,松山市,なおる歯科,ナオルシカ,無床診療所,松山市平和通2-5-12,,33.8478507,132.7699895,,,,,,,,,,,,歯科,,,
382019,3000000313,愛媛県,松山市,ひさみつ歯科クリニック,ヒサミツシカクリニック,無床診療所,松山市鹿峰5-1,,33.939245,132.774174,,,,,,,,,,,,歯科;小児歯科;矯正歯科,,,
382019,3000000316,愛媛県,松山市,西林寺前歯科医院,サイリンジマエシカイイン,無床診療所,松山市南高井町1413-3,,33.938974,132.7741437,,,,,,,,,,,,歯科;小児歯科;歯科口腔外科,,,
382019,3000000317,愛媛県,松山市,よしず歯科クリニック,ヨシズシカクリニック,無床診療所,松山市樽味2-1-19,,33.7927125,132.8138709,,,,,,,,,,,,歯科;小児歯科;矯正歯科,,,
382019,3000000318,愛媛県,松山市,ピュアデンタルクリニック,ピュアデンタルクリニック,無床診療所,松山市余戸中6-4-30,竹田ビル２Ｆ,33.817275,132.7339278,,,,,,,,,,,,歯科,,,
382019,3000000320,愛媛県,松山市,市駅前歯科クリニック,シエキマエシカクリニック,無床診療所,松山市湊町5-5-3,,33.8364226,132.7635337,,,,,,,,,,,,歯科;矯正歯科;小児歯科;歯科口腔外科,,,
382019,3000000321,愛媛県,松山市,きらきら歯科クリニック,キラキラシカクリニック,無床診療所,松山市道後喜多町7ｰ10,,33.8515913,132.7797527,,,,,,,,,,,,歯科;小児歯科,,,
382019,3000000322,愛媛県,松山市,山崎歯科医院,ヤマサキシカイイン,無床診療所,松山市祝谷２丁目６－１,,33.8546831,132.7781129,,,,,,,,,,,,歯科;,,,
382019,3000000323,愛媛県,松山市,いけだ歯科クリニック,イケダシカクリニック,無床診療所,松山市内宮町15-1,,33.8961062,132.7484513,,,,,,,,,,,,歯科;小児歯科,,,
382019,3000000324,愛媛県,松山市,ほりえ歯科,ホリエシカ,無床診療所,松山市堀江町甲1495-5,,33.9050901,132.751755,,,,,,,,,,,,歯科;小児歯科,,,
382019,3000000325,愛媛県,松山市,フォレスト歯科クリニック,フォレストシカクリニック,無床診療所,松山市湯渡町10-25,,33.8411522,132.7843939,,,,,,,,,,,,歯科;矯正歯科;小児歯科;歯科口腔外科,,,
382019,3000000326,愛媛県,松山市,エム歯科クリニック,エムシカクリニック,無床診療所,松山市空港通1-3ｰ21,,33.8269734,132.7477789,,,,,,,,,,,,歯科;小児歯科,,,
382019,3000000327,愛媛県,松山市,正岡歯科医院,マサオカシカイイン,無床診療所,松山市古川北1-10-26,,33.8145833,132.7666106,,,,,,,,,,,,歯科,,,
382019,3000000328,愛媛県,松山市,鈴木歯科医院,スズキシカイイン,無床診療所,松山市東野2-5ｰ28,,33.8420958,132.7982767,,,,,,,,,,,,歯科;小児歯科,,,
382019,3000000329,愛媛県,松山市,おかだ歯科クリニック,オカダシカクリニック,無床診療所,松山市土手内96-3,,33.9689748,132.7728718,,,,,,,,,,,,歯科;小児歯科;歯科口腔外科,,,
382019,3000000330,愛媛県,松山市,はなみずき歯科,ハナミズキシカ,無床診療所,松山市古川北1-19-16,,33.8141548,132.7633365,,,,,,,,,,,,歯科;小児歯科,,,
382019,3000000331,愛媛県,松山市,小栗歯科,オグリシカ,無床診療所,松山市小栗2-3ｰ24,,33.8261722,132.7591946,,,,,,,,,,,,歯科;小児歯科;矯正歯科;,,,
382019,3000000333,愛媛県,松山市,東山歯科クリニック,ヒガシヤマシカクリニック,無床診療所,松山市和泉南2-1-12,,33.8158396,132.765832,,,,,,,,,,,,歯科;小児歯科;歯科口腔外科,,,
382019,3000000334,愛媛県,松山市,よしだ歯科クリニック,ヨシダシカクリニック,無床診療所,松山市小村町222-8,,33.7785573,132.814492,,,,,,,,,,,,歯科;小児歯科;矯正歯科,,,
382019,3000000335,愛媛県,松山市,さくら歯科クリニック,サクラシカクリニック,無床診療所,松山市土居田町500-14,,33.8243016,132.7446196,,,,,,,,,,,,歯科;小児歯科;矯正歯科,,,
382019,3000000337,愛媛県,松山市,べいか歯科クリニック,ベイカシカクリニック,無床診療所,松山市大街道2-4-3,高田ビル１階,33.8402172,132.7699572,,,,,,,,,,,,歯科;小児歯科;矯正歯科;歯科口腔外科,,,
382019,3000000341,愛媛県,松山市,いろは歯科クリニック,イロハシカクリニック,無床診療所,松山市大街道2-6-4,,33.8395552,132.7703042,,,,,,,,,,,,歯科;小児歯科;矯正歯科歯科口腔外科;,,,
382019,3000000342,愛媛県,松山市,ふたば歯科クリニック,フタバシカクリニック,無床診療所,松山市南斎院町56-2,,33.832286,132.7377133,,,,,,,,,,,,歯科;小児歯科,,,
382019,3000000343,愛媛県,松山市,今松歯科クリニック,イママツシカクリニック,無床診療所,松山市中央1-15ｰ45-2,,33.8558373,132.7501525,,,,,,,,,,,,歯科;小児歯科,,,
382019,3000000344,愛媛県,松山市,しばた歯科,シバタシカ,無床診療所,松山市北斎院町784-8,,33.842943,132.722569,,,,,,,,,,,,歯科;小児歯科歯科口腔外科;矯正歯科,,,
382019,3000000345,愛媛県,松山市,柿原歯科医院,カキハラシカイイン,無床診療所,松山市南梅本町甲1145,,33.798199,132.833405,,,,,,,,,,,,歯科;小児歯科;矯正歯科歯科口腔外科;,,,
382019,3000000346,愛媛県,松山市,垂水歯科医院,タルミシカイイン,無床診療所,松山市余戸南4-16-2,,33.8106631,132.7296544,,,,,,,,,,,,歯科;小児歯科;,,,
382019,3000000347,愛媛県,松山市,タマダ歯科,タマダシカ,無床診療所,松山市東垣生町599-1,,33.8160705,132.7099355,,,,,,,,,,,,歯科;矯正歯科;小児歯科,,,
382019,3000000348,愛媛県,松山市,自然歯科診療所,シゼンシカシンリョウジョ,無床診療所,松山市三番町5-6-11,三番町トキワビル,33.8383015,132.7623728,,,,,,,,,,,,歯科,,,
382019,3000000349,愛媛県,松山市,サウス歯科医院,サウスシカシカイイン,無床診療所,松山市北土居3-7ｰ8,,33.8028001,132.7850529,,,,,,,,,,,,歯科;小児歯科,,,
382019,3000000351,愛媛県,松山市,南さや歯科医院,ミナミサヤシカイイン,無床診療所,松山市南斎院町883,,33.8321456,132.7275028,,,,,,,,,,,,歯科;小児歯科;歯科口腔外科;矯正歯科;,,,
382019,3000000354,愛媛県,松山市,いちろう歯科クリニック,イチロウシカクリニック,無床診療所,松山市森松町523-1,,33.7896102,132.7879687,,,,,,,,,,,,歯科;小児歯科,,,
382019,3000000355,愛媛県,松山市,金亀歯科クリニック,キンキシカクリニック,無床診療所,松山市越智3-5ｰ22,,33.8089923,132.7827753,,,,,,,,,,,,歯科;矯正歯科;小児歯科,,,
382019,3000000357,愛媛県,松山市,いのうえ歯科,イノウエシカ,無床診療所,松山市立花3-3-45,アイエム立花ビル１F,33.825999,132.7740241,,,,,,,,,,,,歯科;小児歯科歯科口腔外科,,,
382019,3000000358,愛媛県,松山市,黒川歯科医院,クロカワシカイイン,無床診療所,松山市畑寺2-7ｰ5,,33.83118,132.7980791,,,,,,,,,,,,歯科;小児歯科,,,
382019,3000000359,愛媛県,松山市,こんどう歯科クリニック,コンドウシカクリニック,無床診療所,松山市枝松5-5ｰ31,スカイレジデンス１Ｆ,33.8296699,132.7852904,,,,,,,,,,,,歯科;小児歯科;矯正歯科;,,,
382019,3000000361,愛媛県,松山市,かめのこ歯科クリニック,カメノコシカクリニック,無床診療所,松山市土居田町633-5,,33.8257891,132.742559,,,,,,,,,,,,歯科;小児歯科歯科口腔外科;,,,
382019,3000000362,愛媛県,松山市,永山歯科,ナガヤマシカ,無床診療所,松山市北梅本町666-1,,33.8058017,132.837017,,,,,,,,,,,,歯科;小児歯科歯科口腔外科;,,,
382019,3000000364,愛媛県,松山市,束本歯科医院,ツカモトシカイイン,無床診療所,松山市枝松5-1-22,,33.8276013,132.7854818,,,,,,,,,,,,歯科;小児歯科;,,,
382019,3000000365,愛媛県,松山市,かみおか歯科,カミオカシカ,無床診療所,松山市清水町3-177-3,,33.8525892,132.7651335,,,,,,,,,,,,歯科;小児歯科;,,,
382019,3000000369,愛媛県,松山市,田窪歯科医院,タクボシカイイン,無床診療所,松山市二番町3-4-17,,33.8387832,132.7689298,,,,,,,,,,,,歯科;小児歯科;矯正歯科歯科口腔外科,,,
382019,3000000370,愛媛県,松山市,北久米どい歯科,キタクメドイシカ,無床診療所,松山市北久米町217-2,,33.8193563,132.7993877,,,,,,,,,,,,歯科;矯正歯科;小児歯科,,,
382019,3000000371,愛媛県,松山市,井手歯科,イデシカ,無床診療所,松山市北条辻1352,,33.9748788,132.7745662,,,,,,,,,,,,歯科;小児歯科歯科口腔外科,,,
382019,3000000373,愛媛県,松山市,医療法人順風会　天山歯科クリニック,アマヤマシカクリニック,無床診療所,松山市天山2-4ｰ17,,33.8184297,132.7773494,,,,,,,,,,,,歯科,,,
382019,3000000374,愛媛県,松山市,みなと歯科医院,ミナトシカイイン,無床診療所,松山市中島大浦3035-6,,33.9736396,132.6280887,,,,,,,,,,,,歯科;小児歯科歯科口腔外科;,,,
382019,3000000376,愛媛県,松山市,みせ矯正歯科,ミセキョウセイシカ,無床診療所,松山市森松町1131-3,,33.7951136,132.7899795,,,,,,,,,,,,矯正歯科;,,,
382019,3000000377,愛媛県,松山市,パークサイド歯科,パークサイドシカ,無床診療所,松山市岩崎町2-11ｰ10,,33.8472859,132.7831262,,,,,,,,,,,,歯科;小児歯科;矯正歯科;歯科口腔外科,,,
382019,3000000378,愛媛県,松山市,くりの木歯科医院,クリノキシカイイン,無床診療所,松山市宮西1-5ｰ12,グランディア宮西１階,33.8456931,132.7524004,,,,,,,,,,,,歯科;小児歯科;歯科口腔外科,,,
382019,3000000379,愛媛県,松山市,大森県庁前歯科,オオモリケンチョウマエシカ,無床診療所,松山市一番町4-1-5,一誠ビル２Ｆ,33.8408735,132.7672418,,,,,,,,,,,,歯科;矯正歯科;小児歯科;歯科口腔外科,,,
382019,3000000381,愛媛県,松山市,なのはな歯科クリニック,ナノハナシカクリニック,無床診療所,松山市土居田町103-1,,33.8205147,132.7529519,,,,,,,,,,,,歯科;小児歯科;歯科口腔外科,,,
382019,3000000384,愛媛県,松山市,ライフ歯科クリニック,ライフシカクリニック,無床診療所,松山市来住町1267-1,,33.8056427,132.7955753,,,,,,,,,,,,歯科;小児歯科歯科口腔外科,,,
382019,3000000385,愛媛県,松山市,寺川歯科クリニック,テラカワシカクリニック,無床診療所,松山市湊町6-2-2,ミツワ市駅西ビル１階,33.8360294,132.7612039,,,,,,,,,,,,歯科;小児歯科,,,
382019,3000000386,愛媛県,松山市,いしかわ歯科クリニック,イシカワシカクリニック,無床診療所,松山市来住町1374ｰ13,,33.8090027,132.7954887,,,,,,,,,,,,歯科;歯科口腔外科;小児歯科,,,
382019,3000000387,愛媛県,松山市,木花歯科医院,キバナシカイイン,無床診療所,松山市勝山町2-9-18,,33.8435149,132.7757866,,,,,,,,,,,,歯科,,,
382019,3000000389,愛媛県,松山市,松山中平歯科クリニック,マツヤマナカヒラシカクリニック,無床診療所,松山市千舟町4-4-6,共栄興産千舟町ビル７Ｆ,33.8369793,132.7648287,,,,,,,,,,,,歯科;小児歯科;矯正歯科歯科口腔外科,,,
382019,3000000390,愛媛県,松山市,光洋台デンタルクリニック,コウヨウダイデンタルクリニック,無床診療所,松山市小川甲200ｰ1,,33.9266304,132.7628633,,,,,,,,,,,,歯科;小児歯科,,,
382019,3000000391,愛媛県,松山市,末光歯科医院,スエミツシカイイン,無床診療所,松山市久米窪田町675-1,,33.805315,132.8140995,,,,,,,,,,,,歯科,,,
382019,3000000392,愛媛県,松山市,関谷栄歯科,セキヤサカエシカ,無床診療所,松山市高岡町178-3,,33.8280787,132.7234558,,,,,,,,,,,,歯科,,,
382019,3000000393,愛媛県,松山市,はなみずき通り歯科クリニック,ハナミズキドオリシカクリニック,無床診療所,松山市古川南1-11-12,,33.8069843,132.7663851,,,,,,,,,,,,歯科;小児歯科歯科口腔外科,,,
382019,3000000394,愛媛県,松山市,みやもと子ども歯科,ミヤモトコドモシカ,無床診療所,松山市平井町甲3322-2,,33.805741,132.820758,,,,,,,,,,,,歯科;小児歯科;矯正歯科,,,
382019,3000000395,愛媛県,松山市,みやた歯科,ミヤタシカ,無床診療所,松山市福音寺町41ｰ1,,33.8206432,132.7949657,,,,,,,,,,,,歯科;小児歯科;歯科口腔外科;矯正歯科,,,
382019,3000000396,愛媛県,松山市,長谷川歯科医院,ハセガワシカイイン,無床診療所,松山市松山市美沢2-6-23,,33.8511225,132.7449049,,,,,,,,,,,,歯科;小児歯科;,,,
382019,3000000397,愛媛県,松山市,あいはら歯科クリニック,アイハラシカクリニック,無床診療所,松山市朝生田町4-4-32,,33.8227379,132.7635071,,,,,,,,,,,,歯科;小児歯科;歯科口腔外科,,,
382019,3000000398,愛媛県,松山市,亀田歯科医院,カメダシカイイン,無床診療所,松山市木屋町3-13-19,,33.854277,132.759593,,,,,,,,,,,,歯科;小児歯科歯科口腔外科;矯正歯科,,,
382019,3000000399,愛媛県,松山市,いい歯科クリニック,イイシカクリニック,無床診療所,松山市余戸南5-13-25,,33.8109471,132.7259944,,,,,,,,,,,,歯科;小児歯科;歯科口腔外科,,,
382019,3000000400,愛媛県,松山市,つづき歯科医院,ツヅキシカイイン,無床診療所,松山市南久米町69-5,,33.8197242,132.8011362,,,,,,,,,,,,歯科;小児歯科;,,,
382019,3000000401,愛媛県,松山市,どんぐり歯科クリニック,ドングリシカクリニック,無床診療所,松山市西長戸町297-1,,33.8685239,132.7415472,,,,,,,,,,,,歯科;小児歯科;矯正歯科;,,,
382019,3000000402,愛媛県,松山市,和矯正歯科クリニック,カズキョウセイシカクリニック,無床診療所,松山市花園町5-10,,33.8381725,132.762027,,,,,,,,,,,,矯正歯科;,,,
382019,3000000403,愛媛県,松山市,おおうち矯正歯科クリニック,オオウチキョウセイシカクリニック,無床診療所,松山市千舟町4-3-1,伊賀上ビル１０１,33.8365802,132.7656349,,,,,,,,,,,,矯正歯科;,,,
382019,3000000404,愛媛県,松山市,しろくま歯科,シロクマシカ,無床診療所,松山市久米窪田町877ｰ1,,33.8085697,132.810146,,,,,,,,,,,,歯科;小児歯科;,,,
382019,3000000405,愛媛県,松山市,あおぞら歯科小児歯科,アオゾラシカショウニシカ,無床診療所,松山市真砂町124-7,,33.8319635,132.7602341,,,,,,,,,,,,歯科;小児歯科歯科口腔外科;,,,
382019,3000000406,愛媛県,松山市,野村歯科,ノムラシカ,無床診療所,松山市大手町1-12-6,,33.8405404,132.7574805,,,,,,,,,,,,歯科;小児歯科;,,,
382019,3000000407,愛媛県,松山市,すこやか歯科,スコヤカシカ,無床診療所,松山市北井門2-21ｰ26,,33.804663,132.7819085,,,,,,,,,,,,歯科;小児歯科;矯正歯科;歯科口腔外科;,,,
382019,3000000408,愛媛県,松山市,医療法人社団つばき会　松山デンタルクリニック,イリョウホウジンシャダンツバキカイマツヤマデンタルクリニック,無床診療所,松山市竹原2-1ｰ50,エバーグリーン松山１階,33.8316782,132.7530047,,,,,,,,,,,,歯科;小児歯科;歯科口腔外科;,,,
382019,3000000409,愛媛県,松山市,松村歯科医院,マツムラシカイイン,無床診療所,松山市三番町5-1-9,,33.8375028,132.7644845,,,,,,,,,,,,歯科;矯正歯科;小児歯科;,,,
382019,3000000410,愛媛県,松山市,みかん歯科・矯正歯科クリニック,ミカンシカ・キョウセイシカクリニック,無床診療所,松山市南梅本町甲1315-3,,33.7966968,132.8317748,,,,,,,,,,,,歯科;小児歯科;矯正歯科;歯科口腔外科,,,
382019,3000000412,愛媛県,松山市,もりもと歯科クリニック,モリモトシカクリニック,無床診療所,松山市保免西2-2-20,,33.8152678,132.7416622,,,,,,,,,,,,歯科;小児歯科;歯科口腔外科,,,
382019,3000000413,愛媛県,松山市,大野歯科医院,オオノシカイイン,無床診療所,松山市一番町2-9-1,,33.8419878,132.7722004,,,,,,,,,,,,歯科,,,
382019,3000000414,愛媛県,松山市,松田ビルファミリー歯科医院,マツダビルファミリーシカイイン,無床診療所,松山市萱町1-5-10,松田歯科ビル,33.8423591,132.7571855,,,,,,,,,,,,歯科,,,
382019,3000000415,愛媛県,松山市,松山歯科口腔外科クリニック,マツヤマシカコウクウゲカクリニック,無床診療所,松山市此花町1-30,,33.84113,132.7808585,,,,,,,,,,,,歯科口腔外科;歯科,,,
382019,3000000416,愛媛県,松山市,ＨＡＫＵデンタルクリニック,ハクデンタルクリニック,無床診療所,松山市井門町376,,33.7982375,132.7856249,,,,,,,,,,,,歯科;小児歯科;歯科口腔外科,,,
382019,3000000417,愛媛県,松山市,相原歯科医院,アイバラシカイイン,無床診療所,松山市南高井町1698-1,,33.7899233,132.8125942,,,,,,,,,,,,歯科;小児歯科;歯科口腔外科,,,
382019,3000000418,愛媛県,松山市,ひなた歯科クリニック,ヒナタシカクリニック,無床診療所,松山市山越5-7-30,,33.859495,132.7517359,,,,,,,,,,,,歯科;小児歯科,,,
382019,3000000419,愛媛県,松山市,おひさま歯科クリニック,オヒサマシカクリニック,無床診療所,松山市余戸中四丁目１６－１８,,33.8192441,132.727006,,,,,,,,,,,,歯科,,,
382019,3000000420,愛媛県,松山市,カネコデンタルオフィス,カネコデンタルオフィス,無床診療所,松山市湊町四丁目２番地５,,33.8353307,132.7663017,,,,,,,,,,,,歯科;矯正歯科;歯科口腔外科,,,
382019,3000000421,愛媛県,松山市,石岡歯科医院,イシオカシカイイン,無床診療所,松山市和泉北一丁目７番８号,,33.8233889,132.7577096,,,,,,,,,,,,歯科;小児歯科;矯正歯科,,,
382019,3000000422,愛媛県,松山市,愛媛県口腔保健センター,エヒメケンコウクウホケンセンター,無床診療所,松山市柳井町二丁目６－２,,33.8329536,132.7682409,,,,,,,,,,,,歯科,,,
382019,3000000423,愛媛県,松山市,きくち歯科クリニック,キクチシカクリニック,無床診療所,松山市安城寺町９６３番地５,,33.8752954,132.7409236,,,,,,,,,,,,歯科;矯正歯科;小児歯科;歯科口腔外科,,,
382019,3000000424,愛媛県,松山市,そらとくも歯科,ソラトクモシカ,無床診療所,松山市溝辺町４５５－６,,33.8544556,132.8087451,,,,,,,,,,,,歯科;小児歯科,,,
382019,3000000425,愛媛県,松山市,德永歯科医院,トクナガシカイイン,無床診療所,松山市湊町四丁目７番地１１,,33.8357126,132.766881,,,,,,,,,,,,歯科,,,