名称,所在地,緯度,経度
愛光公園,愛光町395番１,33.84668345,132.7497845
会津公園,会津町１１－６,33.86302644,132.7259194
青葉台公園,青葉台４４番地,33.85780117,132.7344486
朝日ヶ丘公園,朝日ヶ丘２丁目１４６４,33.84761574,132.7436138
明日の緑地,府中 516,33.95845133,132.7730738
朝生田公園,朝生田６丁目６番,33.81965892,132.7650967
天山公園,天山３丁目,33.81970736,132.7744382
新玉公園,三番町６丁目４－２１ 他,33.83835368,132.7598558
ありのきニュータウン緑地,河野中須賀221-18,33.9491983,132.7708977
粟井子供公園,和田　甲2-14外,33.93399986,132.7720278
安城寺西公園,安城寺町１３３４－１,33.88155594,132.7407657
飯岡公園,別府町５３８－３,33.84882214,132.7208573
石手川緑地,石手川河川敷,33.82292937,132.7610982
和泉公園,和泉北３丁目６６９－２,33.81915164,132.7566347
泉団地公園,鹿峰 136-2外,33.93794009,132.7718897
和泉南公園,和泉南４丁目４,33.81543282,132.7590592
伊台本村公園,上伊台町１８１－３,33.88678882,132.7930828
一の宮緑地,古川南３丁目,33.80395422,132.7671693
いつき公園,堀江町甲７６６－３７,33.90188707,132.7414033
いつき緑地,和気２丁目８５４－３４,33.902142,132.7372584
今在家公園,今在家３丁目,33.80463631,132.790809
今在家団地第１公園,今在家２丁目４２０－３１,33.80673974,132.7894873
今在家団地第2公園,今在家２丁目４２０－３２,33.80692088,132.7896276
祝谷北公園,祝谷６丁目,33.8608626,132.7761168
祝谷公園,祝谷４丁目８６９番地１ 他,33.85658257,132.7774498
祝谷一丁目公園,祝谷町１丁目,33.85528791,132.7849155
上野町中組公園,上野町甲５０４番４外,33.77191901,132.8041703
上野団地公園,上野町乙１０７番１７,33.77502339,132.7983331
上野町今市公園,上野町甲１４３４番２ 他,33.77646314,132.8100639
内新田公園,勝岡町６３,33.89740786,132.730371
内浜公園,内浜町１２－３,33.86578916,132.7276952
内宮公園,内宮町乙９２６－３,33.89621779,132.7501499
馬木公園,馬木町2404,33.88752193,132.7429136
梅西公園,南梅本町1048番4,33.79968942,132.8324205
梅西三角公園,南梅本町甲1092-25,33.80011325,132.8315938
枝松公園,枝松４丁目２２９－１ 他,33.83137934,132.7860704
恵原公園,恵原町甲４４５－１,33.76547345,132.8092572
大新田公園,西垣生町２８６,33.80865311,132.6996992
おおつか公園,馬木町2185,33.89340466,132.7439466
大西第二区公園,堀江町甲５１９－２,33.89948932,132.7421258
大渕公園,太山寺町,33.88469684,132.7323428
小川実緑地,小川 甲110-15,33.92914632,132.7620343
尾儀原公園,尾儀原甲４９番地３外１,33.97519076,132.8289126
奥久谷公園,久谷町乙１０６７番地１,33.72198064,132.8427114
奥土居公園,東垣生町７０６－１,33.81468132,132.7164027
小栗公園,小栗６丁目２０２－１,33.82682768,132.7551757
小栗第１公園,和泉北1丁目526番地,33.82575261,132.7618644
越智公園（越智町公園）,越智３丁目２２１番地１　　他,33.8105022,132.7802579
小野公園,水泥町８３９,33.80569826,132.835094
小野谷公園,北梅本町２７２０ 他,33.81877112,132.8483348
小山田公園,小山田 甲331-1外1,33.99170473,132.8444043
風早タウン公園,北条 20-152,33.97919074,132.7835
風早タウン緑地,北条 20-177外,33.97994778,132.7819042
門田公園,門田町２９０－２,33.90407168,132.688749
神前公園,溝辺町甲４３７－４,33.85176622,132.8072696
鴨川公園,鴨川３丁目１０４１－１,33.87426591,132.74934
萱町公園,萱町５丁目１０－１,33.85037682,132.7567276
川附公園（福音公園）,枝松６丁目１４－４,33.82445171,132.7847799
観月山公園,港山町２０２１,33.86881534,132.7153168
来住公園,来住町９８３－３,33.8056365,132.7997181
来住椿公園,来住町４９５－７,33.809697,132.803409
北梅本公園,北梅本町甲３３３１,33.81049321,132.850946
北梅本小山公園,北梅本町甲２４８１－１,33.81358363,132.8466521
北窪田公園,久米窪田町９３８－１,33.80665458,132.8109563
北久米七区公園,北久米町６４４,33.81732462,132.7954587
北久米八区公園,北久米町１０６９－１　他,33.81231367,132.7914258
北斎院公園,北斎院町２４２番地３他,33.83427428,132.7297424
北土居公園,北土居４丁目３１９－２,33.80751389,132.7852045
北古川公園（古川北公園）,古川北１丁目１３５－１,33.81400775,132.7627895
北吉田公園,北吉田町１２１１,33.83826032,132.7088498
木屋町公園,木屋町３丁目４－３,33.85218769,132.7601103
経石山公園,桑原四丁目４０８ 他,33.83059769,132.7940826
空港通1・２公園,空港通1丁目247番地　外,33.82767334,132.7503925
空港東公園,東垣生町９５０番地１　他,33.81687597,132.7115382
空港東第三公園,東垣生町６２８番地１,33.81559817,132.7143269
空港東第二公園,東垣生町９２８番地１,33.81691101,132.7151438
空港東第四公園,東垣生町８６９番地１,33.81794288,132.7151448
空港南公園,南吉田町２２６７番地,33.82139826,132.704747
空港南第二公園,南吉田町２４２８番地,33.82321098,132.7021943
国松北団地公園,北斎院町５５２番地３７,33.84287109,132.7291774
久保公園,久保３９９－１,33.93965216,132.7657131
窪田団地公園,久米窪田町４６０番地３８,33.80438747,132.8130532
久保田緑地,久保田町１５９番１　他,33.81963273,132.7204883
窪野公園,窪野町甲２９５番１　　他,33.74028225,132.8385861
久万ノ台公園,久万ノ台乙１７４９番地１　他,33.86011416,132.739265
久万ノ台緑地,久万ノ台１４２１－１,33.85764738,132.7373742
グリーンハイツ緑地,磯河内 100-3外,33.93216756,132.7635004
クレアガーデン公園,持田町1丁目１５５番地８,33.84366262,132.7853185
桑原公園,桑原５丁目６８８番地　外,33.83240126,132.790743
県立総合運動公園,上野町・西野町地内,33.76795754,132.7966658
河野公園,片山甲２２８－３,33.95120359,132.7699655
河野中須賀公園,河野中須賀 316-2外,33.94513815,132.7678011
河野中須賀南第一公園,河野中須賀460-16,33.94501848,132.7728571
河野中須賀南第三公園,河野中須賀392-12,33.94614149,132.7721849
河野中須賀南第二公園,河野中須賀477-5,33.94645482,132.7730294
河野別府公園（北条文化の森公園）,河野別府９２１－１,33.95811592,132.7793009
幸風苑緑地,勝岡町,33.89856426,132.7308355
光洋台風早緑地,光洋台1番70,33.92402845,132.7642173
光洋台緑地　A,光洋台 3-34,33.92072986,132.7621679
光洋台緑地　B,光洋台 7-58,33.92305167,132.7618319
光洋台緑地　C,光洋台 1-68,33.92397191,132.7651303
向陽中央公園,下伊台町489番７４,33.87497233,132.8082199
向陽第１公園,下伊台町489番７９,33.8761075,132.8095042
向陽第２公園,下伊台町489番102,33.87519538,132.8096399
小坂公園,小坂５丁目３０６－３,33.82526269,132.7811346
ことひら公園,高浜町４丁目乙７４,33.88678425,132.7031943
五楽公園,平井町甲５４１－１,33.81652711,132.8329482
権現公園,権現町甲１６２番地１ 他,33.90120463,132.7637436
幸町公園,千舟町７丁目６－７,33.83780147,132.7552159
さくら野緑地,石風呂町甲2121-110,33.87160288,132.7166722
佐倉緑地,柳原　１１－２０,33.95306164,132.7705271
三町三角公園,三町３丁目８５番２,33.82387461,132.7978749
三百地公園,平田町1454,33.88858566,132.7495124
三福公園,三町３丁目１６９番３０外,33.82358763,132.7937334
三本柳公園（清住公園）,清住１丁目８－４,33.85436104,132.7188739
シーサイドハイツ緑地,久保　４０９－４外,33.94011626,132.7649719
汐風ハイツ緑地,河野中須賀283-27外,33.94902608,132.769097
しおさい公園,和気町2丁目1045-101,33.89938496,132.7316868
重信川緑地,松山市・東温市・松前町･砥部町,33.78749213,132.7907871
東雲公園,東雲町7-2,33.84579192,132.773642
清水公園,清水町２丁目７－２ 他,33.85012403,132.762928
正円寺公園,正円寺３丁目５４－４地内,33.83817632,132.8003308
杖ノ淵公園,南高井町１３５２　他　,33.79176518,132.8113215
浄土寺公園,鷹子町３３３－１ 他,33.81790849,132.8081162
浄瑠璃公園,浄瑠璃町甲１０４０－４,33.75518526,132.8196806
城山公園,堀之内･丸之内地内,33.84183964,132.7618532
新開公園,北条辻９６１－１,33.9640824,132.7746549
新開浜公園,北条辻１２７８,33.96584263,132.7719762
新開緑地公園,北条辻 637-27,33.96736268,132.7761065
新浜公園,新浜町１１４５番４　　他,33.87361263,132.7138209
住吉公園,西垣生町１３６９－１,33.81057158,132.6992291
すみれ公園,会津町１６－１６,33.86364074,132.7281127
すみれ野北公園,石風呂町５７９,33.87814316,132.7157517
すみれ野南公園,石風呂町２３０－１,33.87328608,132.7179516
すみれ野南第二緑地,石風呂町地内,33.87363663,132.7181067
清和公園,太山寺町２２４４,33.8923904,132.7222241
太山寺カシの木公園,太山寺町２229番3,33.89217567,132.7247179
太衛門公園,勝岡町１８１,33.89886414,132.7281315
たかい公園,高井町１１０５番地 他,33.79526906,132.8123523
高岡第一公園,高岡町８３５－１,33.83171865,132.7141246
高岡中央公園,高岡町５８２番５ 他,33.83193919,132.721089
高岡みなみ公園,高岡町４６－１,33.82602168,132.7244425
高岡宮前公園,高岡町871番12   他,33.83054971,132.7115855
高崎公園,山越６丁目１３－１,33.85687986,132.75101
高縄緑地,苞木 甲175-23,33.94036695,132.7758328
たかの夢公園,高野町甲７６－４,33.8548552,132.8115753
高浜公園,高浜町６丁目２２５５－１,33.89531082,132.7077185
高浜横山緑地,高浜１丁目乙６５,33.87807269,132.7014322
太尺寺公園,北梅本町甲２５,33.80566103,132.8570611
太山寺小山公園,太山寺町１３５５,33.88825089,132.7272741
太山寺本村公園,太山寺町１５８７番地１ 他,33.88266514,132.7225348
たつみ公園,辰巳町２８５８番８他,33.86669199,132.7191299
谷町公園,谷町甲２３６,33.88195326,132.7543385
太郎丸公園,問屋町３３４番地３７,33.86336253,132.7491207
中央一丁目公園,中央一丁目74番5,33.85425756,132.7512435
丁地公園,山越５丁目１０－３,33.86031373,132.750793
辻団地南緑地,北条辻　１１１５－１４,33.96124535,132.7754079
辻団地緑地,北条辻　８４２－３,33.96479319,132.7762495
津田公園,北斎院町８１０－１,33.84118812,132.718971
津田団地西公園　　　,北斎院町,33.83998677,132.7169875
津田団地花公園　　　,北斎院町,33.84122106,132.7214803
常竹みんなの公園,常竹 甲126-4,33.93433558,132.7770897
椿公園,居相町２７４－４,33.80883288,132.7719839
椿団地緑地,柳原　523-6外,33.95644893,132.7714763
津吉公園,津吉町乙１５,33.77209212,132.8399291
津吉さくら公園,津吉町575番1,33.7715809,132.8327902
鶴ヶ丘公園,南吉田町５２７－３,33.82240853,132.7145741
土居公園,土居町１０２６番１ 他,33.79844485,132.7902904
土居田公園,土居田町４２３,33.82415132,132.7459895
土居田はなまる公園,土居田町685-1,33.82524447,132.7413953
土居田本村公園,土居田町５８１番２,33.82031876,132.7440314
土居団地公園,土居町６５１番地５６,33.7980213,132.7906388
道後公園,道後公園地内,33.84841401,132.7867869
泊しおかぜ公園,泊町618-7外,33.88185667,132.680538
泊公園,泊町５３３－１,33.8791102,132.6826433
富久公園,富久町３０２番５ 他,33.82342473,132.7280577
ともくに公園,馬木町2250,33.89150384,132.7458268
中須賀公園,中須賀１丁目１１,33.86462437,132.7238424
中筋公園,福角町１５５３,33.9021263,132.7546775
中津公園,北斎院町４６９－１,33.83738831,132.7251528
中津東公園,北斎院町乙７番地２ 他,33.83810462,132.7333078
中通みんなの広場公園,中通甲312-1外5,33.97808172,132.7896564
中野公園,中野町甲３０７,33.77901017,132.828574
なかのちょう公園,馬木町2142,33.89324308,132.7471994
中村公園,中村３丁目３６７－１,33.8316059,132.7757625
夏目団地緑地,夏目 24-2,33.94433579,132.774177
西石井公園,西石井町３２５－１ 他,33.81499865,132.7705281
西須賀公園,須賀町１－１０,33.8576779,132.7175516
西長戸公園,西長戸町５５８,33.86639838,132.7368461
西長戸東公園,西長戸町１６３番地２ 他,33.86697869,132.7457908
西野公園,西野町甲４４１,33.76371668,132.8021568
西ノ下公園（柳原末広第一公園）,柳原９０１,33.95973333,132.7731403
西垣生公園,西垣生町１０６６－７,33.81620969,132.7035688
西山三角公園,北斎院町950番25  他,33.83954105,132.7234005
日分公園,山越１丁目５３１－１２,33.85683606,132.7584144
白山の杜公園,北井門町１０２番地　他,33.80593632,132.7790333
白水台北公園,白水台４丁目２２番７,33.87830988,132.7804291
白水台公園,白水台２丁目１２番６,33.8749865,132.7803043
白水台西公園,白水台６丁目２０番,33.87551062,132.7771821
白水台南公園,白水台５丁目２番１３,33.87178988,132.7785686
畑寺公園,畑寺１丁目５０８番1他,33.8318759,132.7998718
八白公園,溝辺町甲１３５,33.84746503,132.8069425
八反地公園,東垣生町７８２番地,33.81550922,132.7170647
花湯築公園（此花公園）,此花町1-4,33.84068258,132.7811951
祓川公園,祓川２丁目２０６５－８６,33.86046461,132.7209441
針田公園,針田町１０７番地５他,33.82345868,132.736493
日尾公園,南久米町乙１番地１,33.81873235,132.8055824
東大栗公園,東大栗町甲１２７３番地１,33.90827327,132.7873829
東垣生南公園,東垣生町53-1外,33.81003904,132.7147644
東方団地公園,東方町甲２３４６番地１２５,33.77788346,132.8206125
東方中央公園,東方町甲１４８１番地１　　他,33.76896909,132.821702
東鷹の子公園,平井町甲３１５７－８７,33.80584387,132.8163529
ひがしの北公園,東野３丁目甲２７８番１他,33.84360897,132.8031131
東垣生公園,東垣生町７６１－３,33.8162531,132.7149319
東町浦公園,北条辻１４４３－１１,33.97585799,132.7736407
東山公園,東山町４１０９－１ 他,33.86368067,132.7313339
東山ﾊﾐﾝｸﾞ公園,東山町４１６１番３,33.86462305,132.7288464
東山古墳公園（星が岡西公園）,東石井３丁目１５番,33.815312,132.7859
ひかるの公園,余戸南3丁目1362-83,33.80850174,132.7290969
姫原なかよし公園,姫原２丁目甲３１４番１４,33.86762008,132.7602754
姫原西公園,姫原３丁目３９２番４,33.86476903,132.7561269
平井公園,平井町甲２５２０番地 他,33.81016602,132.8268358
平田公園,平田町乙３９３－１,33.89123629,132.7512008
福水公園,別府町９２７－１,33.84630454,132.7283214
古川公園（古川西公園）,古川西２丁目１０４４－１,33.807948,132.7586498
古川南公園,古川南３丁目７９２番２ 他,33.80489105,132.7636244
別府南団地公園,別府町３番地１７,33.84326024,132.7283298
別府清水西団地公園,別府町６２１番地１３４,33.84719981,132.7150518
別府清水山公園,別府町７５５番地２ 他,33.84674936,132.715738
弁天山緑地（垣生山公園）,高岡町･北吉田町,33.83523614,132.7138721
北条公園,萩原・浅海 他,33.983929,132.7728938
星岡新団地第１公園,星岡町２丁目５２０番地４９,33.81785537,132.7854543
星岡新団地第2公園,星岡町１丁目５２０番地５９,33.81721536,132.7858714
星岡団地第１公園,星岡町１丁目６８５番地２２,33.81843362,132.7880014
星岡団地第2公園,星岡町１丁目５６０番地２２,33.81918995,132.7862601
星岡南団地第１公園,星岡町５丁目２７０番地１,33.81154729,132.7848296
星岡南団地第2公園,星岡町４丁目２７０番地９,33.81174548,132.7840246
星岡南団地第3公園,星岡町４丁目２７０番地３１,33.81259677,132.7850572
星が岡公園（星が岡東公園）,星岡町･東石井町地内,33.81473229,132.7848623
保免公園,保免中1丁目,33.81837378,132.7490502
保免中緑地,保免中２丁目２９０番地１,33.81628863,132.7489879
堀江中央公園,堀江町156９番１   他,33.90469462,132.7498867
堀江東公園,堀江町１４６６,33.90668646,132.7548332
正岡松尾公園,中西外６８６－１,33.96173041,132.7862756
政友公園,東方町２２５８－１ 他,33.77658339,132.8217909
松尾公園,福角町乙９２９ 他,33.89567697,132.7557874
松尾西公園,福角町甲５１－１１７,33.89599284,132.7511708
松山空港東緑地,東垣生町６０７番地２,33.8160011,132.7125361
松山総合公園,朝日ヶ丘１丁目　他,33.84429461,132.7376684
松山中央公園,市坪西町６２５－１　他,33.80884047,132.7461254
味栗公園,浅海原甲279-1外3,34.00199648,132.7949266
三島公園,井門町９３４,33.79172243,132.7834663
三杉緑地,三杉町２８８１－１７,33.86331839,132.7204411
溝辺公園,溝辺町甲７２１－２ 他,33.85322518,132.8031861
御手洗公園,泊町９１－５地先,33.8728841,132.6697594
三津公園（三津大可賀公園）,大可賀１丁目５,33.8546363,132.7151274
三津住吉公園,住吉2丁目７－１９,33.86371238,132.7163356
三津浜緑地,三津２丁目４５７－３,33.86411479,132.7099597
南梅本公園,南梅本町２２５番５　　他,33.79973822,132.8395823
南江戸公園,南江戸４丁目９７２番地,33.83741397,132.7427329
南久米公園,南久米町５９４　他,33.81255792,132.8028537
南斎院公園,南斎院町２３２－３,33.83107703,132.7349082
南土居公園,南土居町２３９番１,33.79629205,132.802704
南味酒公園,味酒町１丁目１１,33.84250232,132.7554801
南吉田公園,南吉田町１２５２－１,33.82664011,132.7054769
南吉田第三公園,南吉田町２５９３－１,33.8235311,132.7092315
南吉田第二公園,南吉田町２６５３番地,33.82384986,132.7088505
南吉田中央公園,南吉田町１３６６,33.82702968,132.7095695
南吉田緑地,南吉田町１１１３－２,33.82515671,132.7070096
水泥ﾊﾐﾝｸﾞ公園,水泥町７５３番１２,33.80425955,132.8320094
宮前公園,古三津１丁目１４７９－２,33.85708856,132.7227822
明星公園,森松町７２５番４,33.79240212,132.7882548
向井公園,北梅本町２１４６ 他,33.80968322,132.8417296
むくのき公園,馬木町2055,33.89019988,132.7473142
持田若宮公園,持田町３丁目２５０番地１,33.84429787,132.7815099
森松本村公園,森松町８４７－１,33.79381921,132.7978184
八坂公園,三番町１丁目３-３,33.83721687,132.7730349
八千代苑公園,堀江町甲３２７番地３,33.89980321,132.7456393
やなぎいけ公園,馬木町2004,33.8880222,132.7467317
柳原末広第２緑地,柳原 888-1,33.95855694,132.7727203
やはたじ公園,馬木町2303外,33.8901107,132.744348
山口公園,久谷町６１５番１ 他,33.73579108,132.8311519
山越公園,山越５丁目３－１,33.86041452,132.7529845
山西公園,山西町９０９番地,33.8539002,132.7228324
雄郡土橋公園,土橋８３番地２　外,33.83177,132.7566045
湯月公園,道後姫塚１４０－１,33.85050696,132.7908024
湯の山北公園,湯の山３丁目１１番１ 他,33.8726062,132.8147516
湯の山第一公園,湯の山５丁目１－５,33.86907106,132.8172228
湯の山第二公園,湯の山２丁目１０－１,33.86993385,132.8137875
湯の山西公園,湯の山１丁目１２番１ 他,33.86829657,132.8138243
湯の山東公園,湯の山8丁目16番,33.87187351,132.8167724
湯の山東第1公園,湯の山東１丁目8番,33.87197127,132.8182601
湯の山東第２公園,湯の山東１丁目7番,33.87124634,132.8186171
湯の山東第３公園,湯の山東5丁目6番,33.87046591,132.8191299
湯の山東第４公園,湯の山東2丁目8番,33.87249512,132.8212755
湯の山東第５公園,湯の山東５丁目１９番,33.86962484,132.8209064
湯の山南緑地,湯の山６丁目１０番１,33.86640527,132.8172078
湯山公園,食場町甲３１６番地２３他,33.86268318,132.8152353
由良公園,由良町１０３２番１ 他,33.90379398,132.6807426
湯領緑地,南吉田町１００７番６,33.82556836,132.7148507
吉藤公園,吉藤２丁目４８１－１,33.86936951,132.7590786
余戸大正泉緑地,余戸南１丁目２０９－１,33.81077829,132.7385467
余戸中新開公園,余戸中５丁目８９４番地１ 他,33.81631282,132.7321555
余戸西さくら公園,余戸西２丁目２２７９番１他,33.81409347,132.7229451
余戸東竹の宮公園,余戸東５丁目２９９番地５ 他,33.81693344,132.7373589
余戸東すみれ公園,余戸東３丁目１０８２番２外,33.81184988,132.7333141
余戸西緑地,余戸西５丁目２１１５番１,33.81908352,132.7237026
であい公園（余戸南であい公園）,余戸南４丁目１７１０番２他,33.80977908,132.7272988
六町公園,勝岡町２３８,33.90161492,132.7242201
若草公園,枝松６丁目１番２５号,33.82436565,132.7861361
若駒公園,安城寺町１番９４,33.87097415,132.7456993
若宮公園,高岡町７８３－２９,33.83530379,132.7179076
湧ヶ淵公園,末町乙２３１番地1　他,33.8692126,132.8274902
和気公園,和気町１丁目１００,33.88994207,132.7371542
和気浜公園,和気２丁目９８６番２ 　他,33.89694381,132.7344056
和気浜緑地,和気町２丁目886番地,33.90259068,132.73454
和気松原公園,和気町２丁目８０９番１ 　他,33.90125274,132.7361938
鷲ヶ巣公園,由良町４１８番地１他,33.8996248,132.6678101
和田チャイルドタウン緑地,和田　甲311番5,33.93444485,132.7648379
和田ニュータウン緑地,和田　甲200-9,33.93356646,132.7649468
石手川南グランド,石手川河川敷,33.82917795,132.7675737
森松グランド（重信川緑地）,重信川河川敷,33.78717085,132.7970853
東野ほたる公園,松山市東野３丁目,33.8416182,132.8093529
立岩川水辺公園,松山市庄ほか,33.97133198,132.7982006
平井東１なかよし公園,水泥町７３３番１９,33.80411843,132.8339797
大野こまち公園,北梅本町甲６４０番地７,33.80522478,132.8394643
すみれ野レモン公園,石風呂町２３８番地,33.87581641,132.7188771
すみれ野ハウス公園,石風呂町２４１番地,33.87621953,132.7193531
すみれ野りんご公園,石風呂町２３５番地,33.87519087,132.7179844
平井みずほ公園,平井町甲１１１番地４,33.80933075,132.8376603
南吉田こもれび公園,南吉田町１４１３番６７,33.82691267,132.7154461
花見公園,南江戸５丁目１４６３,33.84116204,132.7424722
道後平第1公園,南白水2丁目12番3,33.86886889,132.7852468
日尾団地中央公園,水泥町333番地278外,33.80074548,132.8191684
庄公園,庄甲291,33.9721944,132.8023416
道後平第2公園,南白水3丁目34番地1外,33.86577509,132.78668
道後平第3公園,南白水1丁目28番地1外,33.86499313,132.7859366
